method,company,quarter,kpi,estimate,ci_lo,ci_hi,scored
m1,Streambird,2022Q1,revenue,644789.2513,605478.6821,682769.1946,0
m1,Streambird,2022Q1,actives,18624.3029,17344.7077,19825.5481,0
m1,Streambird,2022Q1,gross_adds,5779.9561,,,0
m1,Streambird,2022Q1,churn_rate,0.0000,,,0
m1,Streambird,2022Q1,arpu,34.6209,,,0
m1,Streambird,2022Q1,market_share,3.2293,,,0
m1,Streambird,2022Q2,revenue,666673.9902,625843.6151,706149.4209,0
m1,Streambird,2022Q2,actives,18962.3120,17653.9594,20307.6513,0
m1,Streambird,2022Q2,gross_adds,3819.5031,,,0
m1,Streambird,2022Q2,churn_rate,0.2420,,,0
m1,Streambird,2022Q2,arpu,35.1578,,,0
m1,Streambird,2022Q2,market_share,3.4160,,,0
m1,Streambird,2022Q3,revenue,700311.6444,660912.8721,745355.3044,0
m1,Streambird,2022Q3,actives,20077.7421,18787.0606,21321.1474,0
m1,Streambird,2022Q3,gross_adds,3751.9013,,,0
m1,Streambird,2022Q3,churn_rate,0.2208,,,0
m1,Streambird,2022Q3,arpu,34.8800,,,0
m1,Streambird,2022Q3,market_share,3.3439,,,0
m1,Streambird,2022Q4,revenue,768397.4987,720337.2330,813970.9737,0
m1,Streambird,2022Q4,actives,21632.5841,20251.0655,23067.3679,0
m1,Streambird,2022Q4,gross_adds,3684.2995,,,0
m1,Streambird,2022Q4,churn_rate,0.2174,,,0
m1,Streambird,2022Q4,arpu,35.5204,,,0
m1,Streambird,2022Q4,market_share,3.0145,,,0
m1,Streambird,2023Q1,revenue,800819.3341,754916.8301,845078.0194,1
m1,Streambird,2023Q1,actives,22545.2087,21222.7101,24000.6131,1
m1,Streambird,2023Q1,gross_adds,3515.2949,,,1
m1,Streambird,2023Q1,churn_rate,0.2309,,,1
m1,Streambird,2023Q1,arpu,35.5206,,,1
m1,Streambird,2023Q1,market_share,3.7883,,,1
m1,Streambird,2023Q2,revenue,1037093.4595,987999.0282,1094182.3009,1
m1,Streambird,2023Q2,actives,29440.5949,28005.9188,31069.9954,1
m1,Streambird,2023Q2,gross_adds,10647.2875,,,1
m1,Streambird,2023Q2,churn_rate,0.2377,,,1
m1,Streambird,2023Q2,arpu,35.2266,,,1
m1,Streambird,2023Q2,market_share,3.8474,,,1
m1,Streambird,2023Q3,revenue,1065867.8384,1006128.7944,1122444.9148,1
m1,Streambird,2023Q3,actives,29203.9885,27436.7003,30849.8571,1
m1,Streambird,2023Q3,gross_adds,3582.8967,,,1
m1,Streambird,2023Q3,churn_rate,0.2369,,,1
m1,Streambird,2023Q3,arpu,36.4973,,,1
m1,Streambird,2023Q3,market_share,3.4416,,,1
m1,Streambird,2023Q4,revenue,1078836.5726,1024584.7626,1131247.6708,1
m1,Streambird,2023Q4,actives,30184.2150,28498.1097,31880.7400,1
m1,Streambird,2023Q4,gross_adds,4360.3177,,,1
m1,Streambird,2023Q4,churn_rate,0.2306,,,1
m1,Streambird,2023Q4,arpu,35.7417,,,1
m1,Streambird,2023Q4,market_share,3.2380,,,1
m1,Streambird,2024Q1,revenue,1001429.4406,954707.8882,1050924.9255,1
m1,Streambird,2024Q1,actives,29305.3912,27781.7508,30816.8700,1
m1,Streambird,2024Q1,gross_adds,3177.2858,,,1
m1,Streambird,2024Q1,churn_rate,0.2555,,,1
m1,Streambird,2024Q1,arpu,34.1722,,,1
m1,Streambird,2024Q1,market_share,3.8166,,,1
m1,Streambird,2024Q2,revenue,1075999.6620,1026573.3228,1125252.6855,1
m1,Streambird,2024Q2,actives,29880.0068,28436.0238,31458.6688,1
m1,Streambird,2024Q2,gross_adds,3143.4849,,,1
m1,Streambird,2024Q2,churn_rate,0.2378,,,1
m1,Streambird,2024Q2,arpu,36.0107,,,1
m1,Streambird,2024Q2,market_share,4.0716,,,1
m1,Streambird,2024Q3,revenue,1254536.7585,1197295.0278,1316135.6899,1
m1,Streambird,2024Q3,actives,29305.3912,27737.0456,30834.9602,1
m1,Streambird,2024Q3,gross_adds,2940.6794,,,1
m1,Streambird,2024Q3,churn_rate,0.2474,,,1
m1,Streambird,2024Q3,arpu,42.8091,,,1
m1,Streambird,2024Q3,market_share,4.7536,,,1
m1,Streambird,2024Q4,revenue,1249808.0108,1194642.3862,1310833.9441,1
m1,Streambird,2024Q4,actives,29812.4049,28353.2717,31342.2597,1
m1,Streambird,2024Q4,gross_adds,3582.8967,,,1
m1,Streambird,2024Q4,churn_rate,0.2411,,,1
m1,Streambird,2024Q4,arpu,41.9224,,,1
m1,Streambird,2024Q4,market_share,3.8915,,,1
m1,Aurelo,2022Q1,revenue,466568.8694,436324.0536,496623.8185,0
m1,Aurelo,2022Q1,actives,15041.4061,13993.9480,16030.6403,0
m1,Aurelo,2022Q1,gross_adds,5340.5442,,,0
m1,Aurelo,2022Q1,churn_rate,0.0000,,,0
m1,Aurelo,2022Q1,arpu,31.0190,,,0
m1,Aurelo,2022Q1,market_share,2.3367,,,0
m1,Aurelo,2022Q2,revenue,518946.4256,487468.9069,549597.1429,0
m1,Aurelo,2022Q2,actives,16799.0536,15682.7712,18021.7285,0
m1,Aurelo,2022Q2,gross_adds,3751.9013,,,0
m1,Aurelo,2022Q2,churn_rate,0.2148,,,0
m1,Aurelo,2022Q2,arpu,30.8914,,,0
m1,Aurelo,2022Q2,market_share,2.6591,,,0
m1,Aurelo,2022Q3,revenue,542720.6355,509662.0086,577026.9934,0
m1,Aurelo,2022Q3,actives,16697.6508,15615.4269,17835.0395,0
m1,Aurelo,2022Q3,gross_adds,2366.0639,,,0
m1,Aurelo,2022Q3,churn_rate,0.2402,,,0
m1,Aurelo,2022Q3,arpu,32.5028,,,0
m1,Aurelo,2022Q3,market_share,2.5915,,,0
m1,Aurelo,2022Q4,revenue,565751.9013,528805.5575,605247.1796,0
m1,Aurelo,2022Q4,actives,17001.8591,15903.0539,18250.1495,0
m1,Aurelo,2022Q4,gross_adds,2264.6611,,,0
m1,Aurelo,2022Q4,churn_rate,0.2231,,,0
m1,Aurelo,2022Q4,arpu,33.2759,,,0
m1,Aurelo,2022Q4,market_share,2.2195,,,0
m1,Aurelo,2023Q1,revenue,575781.6461,538702.2514,617040.6916,1
m1,Aurelo,2023Q1,actives,17644.0764,16357.0831,18934.9312,1
m1,Aurelo,2023Q1,gross_adds,2366.0639,,,1
m1,Aurelo,2023Q1,churn_rate,0.2295,,,1
m1,Aurelo,2023Q1,arpu,32.6331,,,1
m1,Aurelo,2023Q1,market_share,2.7238,,,1
m1,Aurelo,2023Q2,revenue,774147.7100,735648.2797,817612.4461,1
m1,Aurelo,2023Q2,actives,23660.6388,22389.6649,25159.4282,1
m1,Aurelo,2023Q2,gross_adds,9802.2647,,,1
m1,Aurelo,2023Q2,churn_rate,0.1996,,,1
m1,Aurelo,2023Q2,arpu,32.7188,,,1
m1,Aurelo,2023Q2,market_share,2.8719,,,1
m1,Aurelo,2023Q3,revenue,774890.6540,732402.5625,817791.6789,1
m1,Aurelo,2023Q3,actives,23255.0279,21845.8124,24737.2996,1
m1,Aurelo,2023Q3,gross_adds,2602.6703,,,1
m1,Aurelo,2023Q3,churn_rate,0.2310,,,1
m1,Aurelo,2023Q3,arpu,33.3214,,,1
m1,Aurelo,2023Q3,market_share,2.5021,,,1
m1,Aurelo,2023Q4,revenue,748887.6120,707521.4015,790801.9915,1
m1,Aurelo,2023Q4,actives,22376.2042,21133.0686,23793.7056,1
m1,Aurelo,2023Q4,gross_adds,1825.2493,,,1
m1,Aurelo,2023Q4,churn_rate,0.2380,,,1
m1,Aurelo,2023Q4,arpu,33.4680,,,1
m1,Aurelo,2023Q4,market_share,2.2477,,,1
m1,Aurelo,2024Q1,revenue,693166.8075,657036.9782,729553.7482,1
m1,Aurelo,2024Q1,actives,22714.2133,21313.9855,24051.6792,1
m1,Aurelo,2024Q1,gross_adds,1994.2538,,,1
m1,Aurelo,2024Q1,churn_rate,0.2212,,,1
m1,Aurelo,2024Q1,arpu,30.5169,,,1
m1,Aurelo,2024Q1,market_share,2.6418,,,1
m1,Aurelo,2024Q2,revenue,749630.5560,710187.1982,790157.7731,1
m1,Aurelo,2024Q2,actives,23086.0233,21758.7807,24464.9407,1
m1,Aurelo,2024Q2,gross_adds,1960.4529,,,1
m1,Aurelo,2024Q2,churn_rate,0.1991,,,1
m1,Aurelo,2024Q2,arpu,32.4712,,,1
m1,Aurelo,2024Q2,market_share,2.8366,,,1
m1,Aurelo,2024Q3,revenue,732914.3147,691123.2231,772288.8515,1
m1,Aurelo,2024Q3,actives,21193.1722,19829.5938,22365.0920,1
m1,Aurelo,2024Q3,gross_adds,2095.6566,,,1
m1,Aurelo,2024Q3,churn_rate,0.2603,,,1
m1,Aurelo,2024Q3,arpu,34.5826,,,1
m1,Aurelo,2024Q3,market_share,2.7771,,,1
m1,Aurelo,2024Q4,revenue,720655.7377,679354.7366,759102.4032,1
m1,Aurelo,2024Q4,actives,22004.3941,20683.7108,23325.8319,1
m1,Aurelo,2024Q4,gross_adds,1453.4392,,,1
m1,Aurelo,2024Q4,churn_rate,0.2239,,,1
m1,Aurelo,2024Q4,arpu,32.7505,,,1
m1,Aurelo,2024Q4,market_share,2.2439,,,1
m1,Bramblebox,2022Q1,revenue,602231.8743,513168.2536,692469.1376,0
m1,Bramblebox,2022Q1,actives,3684.2995,3149.8547,4258.0332,0
m1,Bramblebox,2022Q1,gross_adds,1554.8420,,,0
m1,Bramblebox,2022Q1,churn_rate,0.0000,,,0
m1,Bramblebox,2022Q1,arpu,163.4590,,,0
m1,Bramblebox,2022Q1,market_share,3.0162,,,0
m1,Bramblebox,2022Q2,revenue,586010.1403,498027.1759,674414.3464,0
m1,Bramblebox,2022Q2,actives,3616.6977,3021.4966,4152.2145,0
m1,Bramblebox,2022Q2,gross_adds,1385.8374,,,0
m1,Bramblebox,2022Q2,churn_rate,0.3558,,,0
m1,Bramblebox,2022Q2,arpu,162.0291,,,0
m1,Bramblebox,2022Q2,market_share,3.0027,,,0
m1,Bramblebox,2022Q3,revenue,659007.9432,568660.0936,739258.0538,0
m1,Bramblebox,2022Q3,actives,3785.7022,3215.4341,4349.0513,0
m1,Bramblebox,2022Q3,gross_adds,1656.2447,,,0
m1,Bramblebox,2022Q3,churn_rate,0.3267,,,0
m1,Bramblebox,2022Q3,arpu,174.0781,,,0
m1,Bramblebox,2022Q3,market_share,3.1467,,,0
m1,Bramblebox,2022Q4,revenue,719839.4457,621694.5264,805526.7367,0
m1,Bramblebox,2022Q4,actives,4191.3132,3558.7524,4754.8833,0
m1,Bramblebox,2022Q4,gross_adds,1588.6429,,,0
m1,Bramblebox,2022Q4,churn_rate,0.4037,,,0
m1,Bramblebox,2022Q4,arpu,171.7456,,,0
m1,Bramblebox,2022Q4,market_share,2.8240,,,0
m1,Bramblebox,2023Q1,revenue,835419.3003,724713.0798,930829.6918,1
m1,Bramblebox,2023Q1,actives,4664.5259,4002.9798,5252.0384,1
m1,Bramblebox,2023Q1,gross_adds,2129.4575,,,1
m1,Bramblebox,2023Q1,churn_rate,0.3790,,,1
m1,Bramblebox,2023Q1,arpu,179.1006,,,1
m1,Bramblebox,2023Q1,market_share,3.9520,,,1
m1,Bramblebox,2023Q2,revenue,1125382.7953,1010864.5033,1258105.6497,1
m1,Bramblebox,2023Q2,actives,6455.9743,5687.9741,7280.3879,1
m1,Bramblebox,2023Q2,gross_adds,3718.1004,,,1
m1,Bramblebox,2023Q2,churn_rate,0.3824,,,1
m1,Bramblebox,2023Q2,arpu,174.3165,,,1
m1,Bramblebox,2023Q2,market_share,4.1749,,,1
m1,Bramblebox,2023Q3,revenue,1247045.8002,1117204.9028,1371601.1975,1
m1,Bramblebox,2023Q3,actives,6793.9834,6032.5053,7548.6432,1
m1,Bramblebox,2023Q3,gross_adds,3244.8876,,,1
m1,Bramblebox,2023Q3,churn_rate,0.4262,,,1
m1,Bramblebox,2023Q3,arpu,183.5515,,,1
m1,Bramblebox,2023Q3,market_share,4.0266,,,1
m1,Bramblebox,2023Q4,revenue,1413318.5736,1287839.5326,1541653.7292,1
m1,Bramblebox,2023Q4,actives,8247.4227,7344.7044,9093.9716,1
m1,Bramblebox,2023Q4,gross_adds,3143.4849,,,1
m1,Bramblebox,2023Q4,churn_rate,0.3333,,,1
m1,Bramblebox,2023Q4,arpu,171.3649,,,1
m1,Bramblebox,2023Q4,market_share,4.2419,,,1
m1,Bramblebox,2024Q1,revenue,1287600.1352,1173598.9079,1402912.9307,1
m1,Bramblebox,2024Q1,actives,7368.5990,6597.7525,8090.1096,1
m1,Bramblebox,2024Q1,gross_adds,2264.6611,,,1
m1,Bramblebox,2024Q1,churn_rate,0.4346,,,1
m1,Bramblebox,2024Q1,arpu,174.7415,,,1
m1,Bramblebox,2024Q1,market_share,4.9073,,,1
m1,Bramblebox,2024Q2,revenue,888139.9358,799717.0641,969693.1716,1
m1,Bramblebox,2024Q2,actives,0.0000,0.0000,0.0000,1
m1,Bramblebox,2024Q2,gross_adds,1926.6520,,,1
m1,Bramblebox,2024Q2,churn_rate,1.0000,,,1
m1,Bramblebox,2024Q2,arpu,0.0000,,,1
m1,Bramblebox,2024Q2,market_share,3.3607,,,1
m1,Bramblebox,2024Q3,revenue,0.0000,0.0000,0.0000,1
m1,Bramblebox,2024Q3,actives,0.0000,0.0000,0.0000,1
m1,Bramblebox,2024Q3,gross_adds,0.0000,,,1
m1,Bramblebox,2024Q3,churn_rate,0.0000,,,1
m1,Bramblebox,2024Q3,arpu,0.0000,,,1
m1,Bramblebox,2024Q3,market_share,0.0000,,,1
m1,Bramblebox,2024Q4,revenue,0.0000,0.0000,0.0000,1
m1,Bramblebox,2024Q4,actives,0.0000,0.0000,0.0000,1
m1,Bramblebox,2024Q4,gross_adds,0.0000,,,1
m1,Bramblebox,2024Q4,churn_rate,0.0000,,,1
m1,Bramblebox,2024Q4,arpu,0.0000,,,1
m1,Bramblebox,2024Q4,market_share,0.0000,,,1
m1,Pinefort,2022Q1,revenue,3558761.5346,3183869.3904,3925475.8417,0
m1,Pinefort,2022Q1,actives,10579.6857,9630.3455,11508.6214,0
m1,Pinefort,2022Q1,gross_adds,2298.4621,,,0
m1,Pinefort,2022Q1,churn_rate,0.0000,,,0
m1,Pinefort,2022Q1,arpu,336.3769,,,0
m1,Pinefort,2022Q1,market_share,17.8236,,,0
m1,Pinefort,2022Q2,revenue,4097047.8283,3697257.8124,4488507.2147,0
m1,Pinefort,2022Q2,actives,11357.1066,10401.8432,12287.5930,0
m1,Pinefort,2022Q2,gross_adds,2197.0593,,,0
m1,Pinefort,2022Q2,churn_rate,0.1262,,,0
m1,Pinefort,2022Q2,arpu,360.7475,,,0
m1,Pinefort,2022Q2,market_share,20.9932,,,0
m1,Pinefort,2022Q3,revenue,4288412.7091,3902906.8377,4681582.1477,0
m1,Pinefort,2022Q3,actives,12235.9304,11148.1827,13301.9278,0
m1,Pinefort,2022Q3,gross_adds,1791.4484,,,0
m1,Pinefort,2022Q3,churn_rate,0.1046,,,0
m1,Pinefort,2022Q3,arpu,350.4770,,,0
m1,Pinefort,2022Q3,market_share,20.4769,,,0
m1,Pinefort,2022Q4,revenue,4585193.5102,4160559.4179,5015075.2292,0
m1,Pinefort,2022Q4,actives,12878.1477,11722.1726,13919.8668,0
m1,Pinefort,2022Q4,gross_adds,1487.2402,,,0
m1,Pinefort,2022Q4,churn_rate,0.0888,,,0
m1,Pinefort,2022Q4,arpu,356.0445,,,0
m1,Pinefort,2022Q4,market_share,17.9879,,,0
m1,Pinefort,2023Q1,revenue,4638971.1002,4236987.0492,5115705.9134,1
m1,Pinefort,2023Q1,actives,13452.7632,12497.5627,14460.6223,1
m1,Pinefort,2023Q1,gross_adds,1960.4529,,,1
m1,Pinefort,2023Q1,churn_rate,0.1123,,,1
m1,Pinefort,2023Q1,arpu,344.8341,,,1
m1,Pinefort,2023Q1,market_share,21.9450,,,1
m1,Pinefort,2023Q2,revenue,6046170.0186,5499602.0845,6584374.4374,1
m1,Pinefort,2023Q2,actives,16765.2527,15586.9131,17927.3649,1
m1,Pinefort,2023Q2,gross_adds,4799.7296,,,1
m1,Pinefort,2023Q2,churn_rate,0.0783,,,1
m1,Pinefort,2023Q2,arpu,360.6370,,,1
m1,Pinefort,2023Q2,market_share,22.4299,,,1
m1,Pinefort,2023Q3,revenue,6047484.5361,5521387.2644,6580077.7297,1
m1,Pinefort,2023Q3,actives,16765.2527,15590.1251,17953.6866,1
m1,Pinefort,2023Q3,gross_adds,1656.2447,,,1
m1,Pinefort,2023Q3,churn_rate,0.1023,,,1
m1,Pinefort,2023Q3,arpu,360.7154,,,1
m1,Pinefort,2023Q3,market_share,19.5269,,,1
m1,Pinefort,2023Q4,revenue,6222241.6765,5717675.6899,6740701.0910,1
m1,Pinefort,2023Q4,actives,17272.2664,16064.8078,18479.1737,1
m1,Pinefort,2023Q4,gross_adds,1250.6338,,,1
m1,Pinefort,2023Q4,churn_rate,0.0784,,,1
m1,Pinefort,2023Q4,arpu,360.2447,,,1
m1,Pinefort,2023Q4,market_share,18.6752,,,1
m1,Pinefort,2024Q1,revenue,6018154.8082,5534299.0180,6563211.8231,1
m1,Pinefort,2024Q1,actives,18015.8864,16868.4571,19184.6395,1
m1,Pinefort,2024Q1,gross_adds,1825.2493,,,1
m1,Pinefort,2024Q1,churn_rate,0.0927,,,1
m1,Pinefort,2024Q1,arpu,334.0471,,,1
m1,Pinefort,2024Q1,market_share,22.9363,,,1
m1,Pinefort,2024Q2,revenue,6619880.6828,6143340.4628,7173331.0253,1
m1,Pinefort,2024Q2,actives,18049.6873,16868.9365,19334.8557,1
m1,Pinefort,2024Q2,gross_adds,1521.0411,,,1
m1,Pinefort,2024Q2,churn_rate,0.1146,,,1
m1,Pinefort,2024Q2,arpu,366.7587,,,1
m1,Pinefort,2024Q2,market_share,25.0496,,,1
m1,Pinefort,2024Q3,revenue,6863726.5506,6337683.5481,7382150.4009,1
m1,Pinefort,2024Q3,actives,19063.7147,17750.5099,20336.9923,1
m1,Pinefort,2024Q3,gross_adds,1521.0411,,,1
m1,Pinefort,2024Q3,churn_rate,0.0833,,,1
m1,Pinefort,2024Q3,arpu,360.0414,,,1
m1,Pinefort,2024Q3,market_share,26.0075,,,1
m1,Pinefort,2024Q4,revenue,6818536.0825,6288798.5297,7262708.9049,1
m1,Pinefort,2024Q4,actives,19165.1175,17940.0818,20359.1678,1
m1,Pinefort,2024Q4,gross_adds,1047.8283,,,1
m1,Pinefort,2024Q4,churn_rate,0.0676,,,1
m1,Pinefort,2024Q4,arpu,355.7785,,,1
m1,Pinefort,2024Q4,market_share,21.2305,,,1
m1,Vantry,2022Q1,revenue,7437588.6429,6967606.2276,7912950.1409,0
m1,Vantry,2022Q1,actives,49687.3416,47777.1993,51617.1359,0
m1,Vantry,2022Q1,gross_adds,0.0000,,,0
m1,Vantry,2022Q1,churn_rate,0.0000,,,0
m1,Vantry,2022Q1,arpu,149.6878,,,0
m1,Vantry,2022Q1,market_share,37.2502,,,0
m1,Vantry,2022Q2,revenue,7343862.7683,6901956.7153,7839275.1377,0
m1,Vantry,2022Q2,actives,59658.6108,57699.9082,61623.8588,0
m1,Vantry,2022Q2,gross_adds,9971.2692,,,0
m1,Vantry,2022Q2,churn_rate,0.0000,,,0
m1,Vantry,2022Q2,arpu,123.0981,,,0
m1,Vantry,2022Q2,market_share,37.6298,,,0
m1,Vantry,2022Q3,revenue,7534737.1979,7052312.3087,8031693.3509,0
m1,Vantry,2022Q3,actives,64390.7385,62398.9928,66274.1347,0
m1,Vantry,2022Q3,gross_adds,4732.1278,,,0
m1,Vantry,2022Q3,churn_rate,0.0000,,,0
m1,Vantry,2022Q3,arpu,117.0159,,,0
m1,Vantry,2022Q3,market_share,35.9779,,,0
m1,Vantry,2022Q4,revenue,10968369.7820,10289571.7507,11645333.6413,0
m1,Vantry,2022Q4,actives,67906.0335,65979.6250,69972.7815,0
m1,Vantry,2022Q4,gross_adds,3515.2949,,,0
m1,Vantry,2022Q4,churn_rate,0.0000,,,0
m1,Vantry,2022Q4,arpu,161.5228,,,0
m1,Vantry,2022Q4,market_share,43.0294,,,0
m1,Vantry,2023Q1,revenue,7906296.7720,7348900.1668,8446770.8798,1
m1,Vantry,2023Q1,actives,67128.6125,65182.9395,69271.1483,1
m1,Vantry,2023Q1,gross_adds,1791.4484,,,1
m1,Vantry,2023Q1,churn_rate,0.0378,,,1
m1,Vantry,2023Q1,arpu,117.7783,,,1
m1,Vantry,2023Q1,market_share,37.4013,,,1
m1,Vantry,2023Q2,revenue,10072380.5983,9433351.7491,10635041.7202,1
m1,Vantry,2023Q2,actives,77539.2936,75314.9181,79982.8340,1
m1,Vantry,2023Q2,gross_adds,13790.7724,,,1
m1,Vantry,2023Q2,churn_rate,0.0504,,,1
m1,Vantry,2023Q2,arpu,129.9003,,,1
m1,Vantry,2023Q2,market_share,37.3663,,,1
m1,Vantry,2023Q3,revenue,13255370.2890,12449054.7715,13989994.1280,1
m1,Vantry,2023Q3,actives,78553.3209,76253.6358,80898.3190,1
m1,Vantry,2023Q3,gross_adds,3684.2995,,,1
m1,Vantry,2023Q3,churn_rate,0.0344,,,1
m1,Vantry,2023Q3,arpu,168.7436,,,1
m1,Vantry,2023Q3,market_share,42.8006,,,1
m1,Vantry,2023Q4,revenue,14347464.5935,13558871.8622,15084701.8917,1
m1,Vantry,2023Q4,actives,78215.3118,75963.1974,80740.8860,1
m1,Vantry,2023Q4,gross_adds,3008.2812,,,1
m1,Vantry,2023Q4,churn_rate,0.0426,,,1
m1,Vantry,2023Q4,arpu,183.4355,,,1
m1,Vantry,2023Q4,market_share,43.0618,,,1
m1,Vantry,2024Q1,revenue,9595396.6537,8991681.3259,10199062.3676,1
m1,Vantry,2024Q1,actives,76288.6598,74112.5816,78714.2351,1
m1,Vantry,2024Q1,gross_adds,1622.4438,,,1
m1,Vantry,2024Q1,churn_rate,0.0454,,,1
m1,Vantry,2024Q1,arpu,125.7775,,,1
m1,Vantry,2024Q1,market_share,36.5698,,,1
m1,Vantry,2024Q2,revenue,9809852.9660,9223588.6706,10467064.5750,1
m1,Vantry,2024Q2,actives,73652.1886,71401.8709,76163.3725,1
m1,Vantry,2024Q2,gross_adds,1318.2356,,,1
m1,Vantry,2024Q2,churn_rate,0.0518,,,1
m1,Vantry,2024Q2,arpu,133.1916,,,1
m1,Vantry,2024Q2,market_share,37.1205,,,1
m1,Vantry,2024Q3,revenue,9904599.6282,9286724.2802,10458491.7063,1
m1,Vantry,2024Q3,actives,71488.9302,69211.2819,73867.4287,1
m1,Vantry,2024Q3,gross_adds,1419.6383,,,1
m1,Vantry,2024Q3,churn_rate,0.0486,,,1
m1,Vantry,2024Q3,arpu,138.5473,,,1
m1,Vantry,2024Q3,market_share,37.5298,,,1
m1,Vantry,2024Q4,revenue,14065776.5760,13251191.0751,14867797.2225,1
m1,Vantry,2024Q4,actives,69325.6718,66914.1848,71719.0740,1
m1,Vantry,2024Q4,gross_adds,2061.8557,,,1
m1,Vantry,2024Q4,churn_rate,0.0591,,,1
m1,Vantry,2024Q4,arpu,202.8942,,,1
m1,Vantry,2024Q4,market_share,43.7959,,,1
m1,Glimmerly,2022Q1,revenue,7256633.4291,6670025.7126,7928900.5739,0
m1,Glimmerly,2022Q1,actives,27885.7529,26493.8476,29391.6179,0
m1,Glimmerly,2022Q1,gross_adds,0.0000,,,0
m1,Glimmerly,2022Q1,churn_rate,0.0000,,,0
m1,Glimmerly,2022Q1,arpu,260.2273,,,0
m1,Glimmerly,2022Q1,market_share,36.3439,,,0
m1,Glimmerly,2022Q2,revenue,6303555.5180,5735406.0701,6950345.8777,0
m1,Glimmerly,2022Q2,actives,32719.2834,31099.7173,34168.8772,0
m1,Glimmerly,2022Q2,gross_adds,4833.5305,,,0
m1,Glimmerly,2022Q2,churn_rate,0.0000,,,0
m1,Glimmerly,2022Q2,arpu,192.6557,,,0
m1,Glimmerly,2022Q2,market_share,32.2993,,,0
m1,Glimmerly,2022Q3,revenue,7217484.1981,6620811.6612,7867040.6490,0
m1,Glimmerly,2022Q3,actives,35355.7546,33664.4062,36936.2849,0
m1,Glimmerly,2022Q3,gross_adds,2636.4712,,,0
m1,Glimmerly,2022Q3,churn_rate,0.0000,,,0
m1,Glimmerly,2022Q3,arpu,204.1389,,,0
m1,Glimmerly,2022Q3,market_share,34.4630,,,0
m1,Glimmerly,2022Q4,revenue,7882844.6848,7112600.9452,8749197.6308,0
m1,Glimmerly,2022Q4,actives,37282.4066,35634.4534,38898.6618,0
m1,Glimmerly,2022Q4,gross_adds,1926.6520,,,0
m1,Glimmerly,2022Q4,churn_rate,0.0000,,,0
m1,Glimmerly,2022Q4,arpu,211.4360,,,0
m1,Glimmerly,2022Q4,market_share,30.9248,,,0
m1,Glimmerly,2023Q1,revenue,6381814.7710,5813232.8071,7034539.7282,1
m1,Glimmerly,2023Q1,actives,35693.7637,34008.4750,37347.4988,1
m1,Glimmerly,2023Q1,gross_adds,845.0228,,,1
m1,Glimmerly,2023Q1,churn_rate,0.0653,,,1
m1,Glimmerly,2023Q1,arpu,178.7936,,,1
m1,Glimmerly,2023Q1,market_share,30.1896,,,1
m1,Glimmerly,2023Q2,revenue,7900645.9354,7271969.7171,8594895.6788,1
m1,Glimmerly,2023Q2,actives,42352.5435,40480.9685,43958.4134,1
m1,Glimmerly,2023Q2,gross_adds,8281.2236,,,1
m1,Glimmerly,2023Q2,churn_rate,0.0455,,,1
m1,Glimmerly,2023Q2,arpu,186.5448,,,1
m1,Glimmerly,2023Q2,market_share,29.3096,,,1
m1,Glimmerly,2023Q3,revenue,8579422.6804,7820521.7288,9298879.4493,1
m1,Glimmerly,2023Q3,actives,43467.9736,41775.4299,45249.3906,1
m1,Glimmerly,2023Q3,gross_adds,3109.6840,,,1
m1,Glimmerly,2023Q3,churn_rate,0.0471,,,1
m1,Glimmerly,2023Q3,arpu,197.3734,,,1
m1,Glimmerly,2023Q3,market_share,27.7023,,,1
m1,Glimmerly,2023Q4,revenue,9507541.9976,8630064.3724,10383056.0849,1
m1,Glimmerly,2023Q4,actives,42690.5526,41015.5929,44493.8267,1
m1,Glimmerly,2023Q4,gross_adds,1656.2447,,,1
m1,Glimmerly,2023Q4,churn_rate,0.0560,,,1
m1,Glimmerly,2023Q4,arpu,222.7083,,,1
m1,Glimmerly,2023Q4,market_share,28.5355,,,1
m1,Glimmerly,2024Q1,revenue,7642822.3762,6971083.0023,8395837.0671,1
m1,Glimmerly,2024Q1,actives,42251.1408,40490.3607,44119.8441,1
m1,Glimmerly,2024Q1,gross_adds,1216.8329,,,1
m1,Glimmerly,2024Q1,churn_rate,0.0388,,,1
m1,Glimmerly,2024Q1,arpu,180.8903,,,1
m1,Glimmerly,2024Q1,market_share,29.1282,,,1
m1,Glimmerly,2024Q2,revenue,7283548.0818,6604151.6979,7910997.1603,1
m1,Glimmerly,2024Q2,actives,40865.3034,39073.6035,42700.2795,1
m1,Glimmerly,2024Q2,gross_adds,878.8237,,,1
m1,Glimmerly,2024Q2,churn_rate,0.0536,,,1
m1,Glimmerly,2024Q2,arpu,178.2331,,,1
m1,Glimmerly,2024Q2,market_share,27.5610,,,1
m1,Glimmerly,2024Q3,revenue,7635534.8994,6959876.9458,8375126.9159,1
m1,Glimmerly,2024Q3,actives,39107.6559,37431.6860,40947.3971,1
m1,Glimmerly,2024Q3,gross_adds,1149.2310,,,1
m1,Glimmerly,2024Q3,churn_rate,0.0711,,,1
m1,Glimmerly,2024Q3,arpu,195.2440,,,1
m1,Glimmerly,2024Q3,market_share,28.9320,,,1
m1,Glimmerly,2024Q4,revenue,9261890.8231,8379433.2648,10188561.6512,1
m1,Glimmerly,2024Q4,actives,37519.0130,35964.8303,39317.8128,1
m1,Glimmerly,2024Q4,gross_adds,1149.2310,,,1
m1,Glimmerly,2024Q4,churn_rate,0.0700,,,1
m1,Glimmerly,2024Q4,arpu,246.8586,,,1
m1,Glimmerly,2024Q4,market_share,28.8383,,,1
m2,Streambird,2022Q1,revenue,855411.1290,801967.7884,909679.1445,0
m2,Streambird,2022Q1,actives,24944.0192,23320.7034,26613.4157,0
m2,Streambird,2022Q1,gross_adds,7799.0928,,,0
m2,Streambird,2022Q1,churn_rate,0.0000,,,0
m2,Streambird,2022Q1,arpu,34.2932,,,0
m2,Streambird,2022Q1,market_share,3.3399,,,0
m2,Streambird,2022Q2,revenue,761743.0806,711893.2392,808562.8226,0
m2,Streambird,2022Q2,actives,21842.9804,20291.7701,23326.7951,0
m2,Streambird,2022Q2,gross_adds,4247.1515,,,0
m2,Streambird,2022Q2,churn_rate,0.2436,,,0
m2,Streambird,2022Q2,arpu,34.8736,,,0
m2,Streambird,2022Q2,market_share,3.5455,,,0
m2,Streambird,2022Q3,revenue,822499.3463,774244.5909,873443.8957,0
m2,Streambird,2022Q3,actives,23778.5048,22388.2509,25287.1180,0
m2,Streambird,2022Q3,gross_adds,4565.9364,,,0
m2,Streambird,2022Q3,churn_rate,0.2240,,,0
m2,Streambird,2022Q3,arpu,34.5900,,,0
m2,Streambird,2022Q3,market_share,3.4498,,,0
m2,Streambird,2022Q4,revenue,928500.8803,870999.9010,984668.6428,0
m2,Streambird,2022Q4,actives,26654.1089,24940.6074,28415.0049,0
m2,Streambird,2022Q4,gross_adds,4502.9392,,,0
m2,Streambird,2022Q4,churn_rate,0.2111,,,0
m2,Streambird,2022Q4,arpu,34.8352,,,0
m2,Streambird,2022Q4,market_share,3.0972,,,0
m2,Streambird,2023Q1,revenue,1010609.0135,950019.6825,1066565.7837,1
m2,Streambird,2023Q1,actives,28760.7562,26960.4651,30505.1087,1
m2,Streambird,2023Q1,gross_adds,4563.5183,,,1
m2,Streambird,2023Q1,churn_rate,0.2241,,,1
m2,Streambird,2023Q1,arpu,35.1385,,,1
m2,Streambird,2023Q1,market_share,3.9380,,,1
m2,Streambird,2023Q2,revenue,1072049.8985,1021921.9263,1126039.7837,1
m2,Streambird,2023Q2,actives,30618.6193,29065.4996,32328.0868,1
m2,Streambird,2023Q2,gross_adds,9982.1725,,,1
m2,Streambird,2023Q2,churn_rate,0.2397,,,1
m2,Streambird,2023Q2,arpu,35.0130,,,1
m2,Streambird,2023Q2,market_share,3.9048,,,1
m2,Streambird,2023Q3,revenue,1094709.7787,1036525.1900,1150033.8985,1
m2,Streambird,2023Q3,actives,30617.7713,28815.8205,32332.1155,1
m2,Streambird,2023Q3,gross_adds,3532.1015,,,1
m2,Streambird,2023Q3,churn_rate,0.2300,,,1
m2,Streambird,2023Q3,arpu,35.7541,,,1
m2,Streambird,2023Q3,market_share,3.4671,,,1
m2,Streambird,2023Q4,revenue,1154364.8875,1094811.9831,1211338.1015,1
m2,Streambird,2023Q4,actives,32299.1293,30607.9188,34066.1478,1
m2,Streambird,2023Q4,gross_adds,4804.5865,,,1
m2,Streambird,2023Q4,churn_rate,0.2382,,,1
m2,Streambird,2023Q4,arpu,35.7398,,,1
m2,Streambird,2023Q4,market_share,3.2895,,,1
m2,Streambird,2024Q1,revenue,1114071.5188,1060781.4141,1168910.4330,1
m2,Streambird,2024Q1,actives,33028.1113,31349.2002,34789.5398,1
m2,Streambird,2024Q1,gross_adds,3625.3514,,,1
m2,Streambird,2024Q1,churn_rate,0.2482,,,1
m2,Streambird,2024Q1,arpu,33.7310,,,1
m2,Streambird,2024Q1,market_share,3.8532,,,1
m2,Streambird,2024Q2,revenue,1236404.9787,1173323.4033,1296138.9476,1
m2,Streambird,2024Q2,actives,34831.7868,33087.9686,36573.4554,1
m2,Streambird,2024Q2,gross_adds,3670.5088,,,1
m2,Streambird,2024Q2,churn_rate,0.2391,,,1
m2,Streambird,2024Q2,arpu,35.4965,,,1
m2,Streambird,2024Q2,market_share,4.1283,,,1
m2,Streambird,2024Q3,revenue,1473274.4586,1403263.8656,1547155.2616,1
m2,Streambird,2024Q3,actives,34663.6185,32911.5131,36625.2981,1
m2,Streambird,2024Q3,gross_adds,3320.4047,,,1
m2,Streambird,2024Q3,churn_rate,0.2488,,,1
m2,Streambird,2024Q3,arpu,42.5020,,,1
m2,Streambird,2024Q3,market_share,4.8009,,,1
m2,Streambird,2024Q4,revenue,1507892.2506,1429958.8685,1577633.2847,1
m2,Streambird,2024Q4,actives,36120.4993,34294.2784,37975.9679,1
m2,Streambird,2024Q4,gross_adds,4293.1459,,,1
m2,Streambird,2024Q4,churn_rate,0.2412,,,1
m2,Streambird,2024Q4,arpu,41.7462,,,1
m2,Streambird,2024Q4,market_share,3.9430,,,1
m2,Aurelo,2022Q1,revenue,575330.2795,535401.2272,615423.4932,0
m2,Aurelo,2022Q1,actives,18857.4614,17483.4072,20241.7737,0
m2,Aurelo,2022Q1,gross_adds,6909.3383,,,0
m2,Aurelo,2022Q1,churn_rate,0.0000,,,0
m2,Aurelo,2022Q1,arpu,30.5094,,,0
m2,Aurelo,2022Q1,market_share,2.2463,,,0
m2,Aurelo,2022Q2,revenue,560584.0355,526211.8312,594806.2745,0
m2,Aurelo,2022Q2,actives,18260.7466,17063.4375,19620.6065,0
m2,Aurelo,2022Q2,gross_adds,4016.4973,,,0
m2,Aurelo,2022Q2,churn_rate,0.2181,,,0
m2,Aurelo,2022Q2,arpu,30.6989,,,0
m2,Aurelo,2022Q2,market_share,2.6092,,,0
m2,Aurelo,2022Q3,revenue,609187.2899,566930.5281,648802.3507,0
m2,Aurelo,2022Q3,actives,18925.8742,17556.5811,20291.0912,0
m2,Aurelo,2022Q3,gross_adds,2675.6122,,,0
m2,Aurelo,2022Q3,churn_rate,0.2351,,,0
m2,Aurelo,2022Q3,arpu,32.1881,,,0
m2,Aurelo,2022Q3,market_share,2.5551,,,0
m2,Aurelo,2022Q4,revenue,649081.4500,607072.0757,691601.1038,0
m2,Aurelo,2022Q4,actives,19705.4821,18399.7640,21035.6328,0
m2,Aurelo,2022Q4,gross_adds,2517.1165,,,0
m2,Aurelo,2022Q4,churn_rate,0.2219,,,0
m2,Aurelo,2022Q4,arpu,32.9391,,,0
m2,Aurelo,2022Q4,market_share,2.1651,,,0
m2,Aurelo,2023Q1,revenue,682409.8274,638599.2163,727893.2043,1
m2,Aurelo,2023Q1,actives,21103.0781,19517.9759,22655.6525,1
m2,Aurelo,2023Q1,gross_adds,2850.5573,,,1
m2,Aurelo,2023Q1,churn_rate,0.2252,,,1
m2,Aurelo,2023Q1,arpu,32.3370,,,1
m2,Aurelo,2023Q1,market_share,2.6591,,,1
m2,Aurelo,2023Q2,revenue,718389.5748,678901.3855,760923.1007,1
m2,Aurelo,2023Q2,actives,22186.1040,20891.3452,23540.3918,1
m2,Aurelo,2023Q2,gross_adds,8362.4304,,,1
m2,Aurelo,2023Q2,churn_rate,0.2026,,,1
m2,Aurelo,2023Q2,arpu,32.3802,,,1
m2,Aurelo,2023Q2,market_share,2.6167,,,1
m2,Aurelo,2023Q3,revenue,718637.4114,677980.7978,761401.5154,1
m2,Aurelo,2023Q3,actives,21843.8215,20418.8611,23248.7070,1
m2,Aurelo,2023Q3,gross_adds,2356.2330,,,1
m2,Aurelo,2023Q3,churn_rate,0.2328,,,1
m2,Aurelo,2023Q3,arpu,32.8989,,,1
m2,Aurelo,2023Q3,market_share,2.2760,,,1
m2,Aurelo,2023Q4,revenue,722813.6074,682699.5066,763763.0331,1
m2,Aurelo,2023Q4,actives,21762.1479,20469.4872,23124.7758,1
m2,Aurelo,2023Q4,gross_adds,1829.5754,,,1
m2,Aurelo,2023Q4,churn_rate,0.2391,,,1
m2,Aurelo,2023Q4,arpu,33.2143,,,1
m2,Aurelo,2023Q4,market_share,2.0597,,,1
m2,Aurelo,2024Q1,revenue,690469.2976,652250.9615,728326.4338,1
m2,Aurelo,2024Q1,actives,22708.5303,21358.1652,23977.5105,1
m2,Aurelo,2024Q1,gross_adds,1879.3356,,,1
m2,Aurelo,2024Q1,churn_rate,0.2290,,,1
m2,Aurelo,2024Q1,arpu,30.4057,,,1
m2,Aurelo,2024Q1,market_share,2.3881,,,1
m2,Aurelo,2024Q2,revenue,773601.2476,726265.8140,817027.9463,1
m2,Aurelo,2024Q2,actives,24132.7378,22789.0027,25588.8477,1
m2,Aurelo,2024Q2,gross_adds,2004.5634,,,1
m2,Aurelo,2024Q2,churn_rate,0.1935,,,1
m2,Aurelo,2024Q2,arpu,32.0561,,,1
m2,Aurelo,2024Q2,market_share,2.5831,,,1
m2,Aurelo,2024Q3,revenue,779959.3665,736064.7097,822941.6705,1
m2,Aurelo,2024Q3,actives,23000.4258,21397.9267,24313.9962,1
m2,Aurelo,2024Q3,gross_adds,2381.3485,,,1
m2,Aurelo,2024Q3,churn_rate,0.2573,,,1
m2,Aurelo,2024Q3,arpu,33.9106,,,1
m2,Aurelo,2024Q3,market_share,2.5416,,,1
m2,Aurelo,2024Q4,revenue,792180.8337,748600.7170,836345.7456,1
m2,Aurelo,2024Q4,actives,24455.5011,22924.3593,25937.9778,1
m2,Aurelo,2024Q4,gross_adds,1678.6098,,,1
m2,Aurelo,2024Q4,churn_rate,0.2255,,,1
m2,Aurelo,2024Q4,arpu,32.3927,,,1
m2,Aurelo,2024Q4,market_share,2.0715,,,1
m2,Bramblebox,2022Q1,revenue,686920.6291,580272.0842,791166.8114,0
m2,Bramblebox,2022Q1,actives,4209.5934,3528.3198,4881.9325,0
m2,Bramblebox,2022Q1,gross_adds,1789.0022,,,0
m2,Bramblebox,2022Q1,churn_rate,0.0000,,,0
m2,Bramblebox,2022Q1,arpu,163.1798,,,0
m2,Bramblebox,2022Q1,market_share,2.6820,,,0
m2,Bramblebox,2022Q2,revenue,591478.9163,500263.6678,684420.2648,0
m2,Bramblebox,2022Q2,actives,3731.2700,3122.7166,4288.2871,0
m2,Bramblebox,2022Q2,gross_adds,1405.2874,,,0
m2,Bramblebox,2022Q2,churn_rate,0.3453,,,0
m2,Bramblebox,2022Q2,arpu,158.5195,,,0
m2,Bramblebox,2022Q2,market_share,2.7530,,,0
m2,Bramblebox,2022Q3,revenue,676163.8647,585586.8762,767278.4264,0
m2,Bramblebox,2022Q3,actives,3885.8662,3251.8356,4489.6104,0
m2,Bramblebox,2022Q3,gross_adds,1595.9703,,,0
m2,Bramblebox,2022Q3,churn_rate,0.3268,,,0
m2,Bramblebox,2022Q3,arpu,174.0060,,,0
m2,Bramblebox,2022Q3,market_share,2.8361,,,0
m2,Bramblebox,2022Q4,revenue,776480.4378,672443.1116,874229.2340,0
m2,Bramblebox,2022Q4,actives,4603.6178,3898.4610,5262.2599,0
m2,Bramblebox,2022Q4,gross_adds,1767.8339,,,0
m2,Bramblebox,2022Q4,churn_rate,0.3992,,,0
m2,Bramblebox,2022Q4,arpu,168.6674,,,0
m2,Bramblebox,2022Q4,market_share,2.5901,,,0
m2,Bramblebox,2023Q1,revenue,903918.9124,788368.3260,1004244.9481,1
m2,Bramblebox,2023Q1,actives,5067.9604,4379.0404,5811.8744,1
m2,Bramblebox,2023Q1,gross_adds,2271.6325,,,1
m2,Bramblebox,2023Q1,churn_rate,0.3828,,,1
m2,Bramblebox,2023Q1,arpu,178.3595,,,1
m2,Bramblebox,2023Q1,market_share,3.5223,,,1
m2,Bramblebox,2023Q2,revenue,1113960.9727,985872.1940,1237917.6798,1
m2,Bramblebox,2023Q2,actives,6403.3829,5596.7597,7154.8529,1
m2,Bramblebox,2023Q2,gross_adds,3598.9327,,,1
m2,Bramblebox,2023Q2,churn_rate,0.3620,,,1
m2,Bramblebox,2023Q2,arpu,173.9644,,,1
m2,Bramblebox,2023Q2,market_share,4.0575,,,1
m2,Bramblebox,2023Q3,revenue,1232476.2475,1098819.7617,1364042.1099,1
m2,Bramblebox,2023Q3,actives,6786.4729,5991.1119,7582.0964,1
m2,Bramblebox,2023Q3,gross_adds,3191.1733,,,1
m2,Bramblebox,2023Q3,churn_rate,0.4150,,,1
m2,Bramblebox,2023Q3,arpu,181.6078,,,1
m2,Bramblebox,2023Q3,market_share,3.9034,,,1
m2,Bramblebox,2023Q4,revenue,1439583.3941,1286707.0168,1571530.4296,1
m2,Bramblebox,2023Q4,actives,8434.7824,7480.5330,9333.7994,1
m2,Bramblebox,2023Q4,gross_adds,3209.9157,,,1
m2,Bramblebox,2023Q4,churn_rate,0.3340,,,1
m2,Bramblebox,2023Q4,arpu,170.6723,,,1
m2,Bramblebox,2023Q4,market_share,4.1022,,,1
m2,Bramblebox,2024Q1,revenue,1375722.2090,1238257.9979,1506365.6777,1
m2,Bramblebox,2024Q1,actives,7893.0840,7016.2848,8687.5559,1
m2,Bramblebox,2024Q1,gross_adds,2323.6757,,,1
m2,Bramblebox,2024Q1,churn_rate,0.4223,,,1
m2,Bramblebox,2024Q1,arpu,174.2946,,,1
m2,Bramblebox,2024Q1,market_share,4.7582,,,1
m2,Bramblebox,2024Q2,revenue,963455.3715,867317.7870,1061692.3613,1
m2,Bramblebox,2024Q2,actives,0.0000,0.0000,0.0000,1
m2,Bramblebox,2024Q2,gross_adds,2001.0020,,,1
m2,Bramblebox,2024Q2,churn_rate,1.0000,,,1
m2,Bramblebox,2024Q2,arpu,0.0000,,,1
m2,Bramblebox,2024Q2,market_share,3.2170,,,1
m2,Bramblebox,2024Q3,revenue,0.0000,0.0000,0.0000,1
m2,Bramblebox,2024Q3,actives,0.0000,0.0000,0.0000,1
m2,Bramblebox,2024Q3,gross_adds,0.0000,,,1
m2,Bramblebox,2024Q3,churn_rate,0.0000,,,1
m2,Bramblebox,2024Q3,arpu,0.0000,,,1
m2,Bramblebox,2024Q3,market_share,0.0000,,,1
m2,Bramblebox,2024Q4,revenue,0.0000,0.0000,0.0000,1
m2,Bramblebox,2024Q4,actives,0.0000,0.0000,0.0000,1
m2,Bramblebox,2024Q4,gross_adds,0.0000,,,1
m2,Bramblebox,2024Q4,churn_rate,0.0000,,,1
m2,Bramblebox,2024Q4,arpu,0.0000,,,1
m2,Bramblebox,2024Q4,market_share,0.0000,,,1
m2,Pinefort,2022Q1,revenue,5123001.8087,4545912.1635,5756878.8107,0
m2,Pinefort,2022Q1,actives,14964.7591,13516.0552,16343.6573,0
m2,Pinefort,2022Q1,gross_adds,3436.8533,,,0
m2,Pinefort,2022Q1,churn_rate,0.0000,,,0
m2,Pinefort,2022Q1,arpu,342.3377,,,0
m2,Pinefort,2022Q1,market_share,20.0025,,,0
m2,Pinefort,2022Q2,revenue,4876295.7044,4418787.0223,5365504.9647,0
m2,Pinefort,2022Q2,actives,13962.5975,12778.5007,15115.0329,0
m2,Pinefort,2022Q2,gross_adds,2592.6236,,,0
m2,Pinefort,2022Q2,churn_rate,0.1252,,,0
m2,Pinefort,2022Q2,arpu,349.2399,,,0
m2,Pinefort,2022Q2,market_share,22.6967,,,0
m2,Pinefort,2022Q3,revenue,5324508.8346,4811010.5823,5835680.0895,0
m2,Pinefort,2022Q3,actives,15326.4598,13922.9959,16763.2700,0
m2,Pinefort,2022Q3,gross_adds,2165.1276,,,0
m2,Pinefort,2022Q3,churn_rate,0.1049,,,0
m2,Pinefort,2022Q3,arpu,347.4063,,,0
m2,Pinefort,2022Q3,market_share,22.3327,,,0
m2,Pinefort,2022Q4,revenue,5895916.1682,5324516.8237,6513702.8272,0
m2,Pinefort,2022Q4,actives,16497.8828,14879.4909,17976.9824,0
m2,Pinefort,2022Q4,gross_adds,1869.5353,,,0
m2,Pinefort,2022Q4,churn_rate,0.0835,,,0
m2,Pinefort,2022Q4,arpu,357.3741,,,0
m2,Pinefort,2022Q4,market_share,19.6669,,,0
m2,Pinefort,2023Q1,revenue,5978668.1875,5425571.8925,6578020.8346,1
m2,Pinefort,2023Q1,actives,17708.4900,16388.9870,19181.9302,1
m2,Pinefort,2023Q1,gross_adds,2494.9906,,,1
m2,Pinefort,2023Q1,churn_rate,0.1167,,,1
m2,Pinefort,2023Q1,arpu,337.6159,,,1
m2,Pinefort,2023Q1,market_share,23.2969,,,1
m2,Pinefort,2023Q2,revenue,6920216.3518,6325927.1618,7555929.9335,1
m2,Pinefort,2023Q2,actives,19461.4942,18081.2959,20964.4515,1
m2,Pinefort,2023Q2,gross_adds,5334.0629,,,1
m2,Pinefort,2023Q2,churn_rate,0.0816,,,1
m2,Pinefort,2023Q2,arpu,355.5850,,,1
m2,Pinefort,2023Q2,market_share,25.2061,,,1
m2,Pinefort,2023Q3,revenue,6932931.3333,6369782.5735,7571659.4932,1
m2,Pinefort,2023Q3,actives,19407.4659,18061.6321,20914.5046,1
m2,Pinefort,2023Q3,gross_adds,1739.9003,,,1
m2,Pinefort,2023Q3,churn_rate,0.1022,,,1
m2,Pinefort,2023Q3,arpu,357.2301,,,1
m2,Pinefort,2023Q3,market_share,21.9573,,,1
m2,Pinefort,2023Q4,revenue,7300432.1414,6705968.5385,7932927.5668,1
m2,Pinefort,2023Q4,actives,20643.9103,19168.5470,22201.0267,1
m2,Pinefort,2023Q4,gross_adds,1513.4680,,,1
m2,Pinefort,2023Q4,churn_rate,0.0788,,,1
m2,Pinefort,2023Q4,arpu,353.6361,,,1
m2,Pinefort,2023Q4,market_share,20.8032,,,1
m2,Pinefort,2024Q1,revenue,7353496.4350,6756141.8140,8068924.0398,1
m2,Pinefort,2024Q1,actives,21919.0438,20526.8342,23403.4745,1
m2,Pinefort,2024Q1,gross_adds,2030.3749,,,1
m2,Pinefort,2024Q1,churn_rate,0.0983,,,1
m2,Pinefort,2024Q1,arpu,335.4844,,,1
m2,Pinefort,2024Q1,market_share,25.4333,,,1
m2,Pinefort,2024Q2,revenue,8232245.1815,7615304.7786,8947349.3474,1
m2,Pinefort,2024Q2,actives,22938.8132,21458.9380,24612.7218,1
m2,Pinefort,2024Q2,gross_adds,1864.7696,,,1
m2,Pinefort,2024Q2,churn_rate,0.1128,,,1
m2,Pinefort,2024Q2,arpu,358.8784,,,1
m2,Pinefort,2024Q2,market_share,27.4874,,,1
m2,Pinefort,2024Q3,revenue,8812878.7834,8165888.5743,9514253.8459,1
m2,Pinefort,2024Q3,actives,24827.0857,23268.8454,26578.7708,1
m2,Pinefort,2024Q3,gross_adds,2080.1910,,,1
m2,Pinefort,2024Q3,churn_rate,0.0846,,,1
m2,Pinefort,2024Q3,arpu,354.9703,,,1
m2,Pinefort,2024Q3,market_share,28.7183,,,1
m2,Pinefort,2024Q4,revenue,9043616.8031,8351027.7108,9680069.9928,1
m2,Pinefort,2024Q4,actives,25938.2830,24131.4086,27709.4123,1
m2,Pinefort,2024Q4,gross_adds,1478.8308,,,1
m2,Pinefort,2024Q4,churn_rate,0.0640,,,1
m2,Pinefort,2024Q4,arpu,348.6590,,,1
m2,Pinefort,2024Q4,market_share,23.6482,,,1
m2,Vantry,2022Q1,revenue,9854746.1244,9183242.7358,10458868.8447,0
m2,Vantry,2022Q1,actives,66190.9904,63767.9720,68809.3639,0
m2,Vantry,2022Q1,gross_adds,0.0000,,,0
m2,Vantry,2022Q1,churn_rate,0.0000,,,0
m2,Vantry,2022Q1,arpu,148.8835,,,0
m2,Vantry,2022Q1,market_share,38.4773,,,0
m2,Vantry,2022Q2,revenue,8298718.4381,7777848.5326,8877704.3197,0
m2,Vantry,2022Q2,actives,66058.0023,63754.7354,68643.0388,0
m2,Vantry,2022Q2,gross_adds,10952.2349,,,0
m2,Vantry,2022Q2,churn_rate,0.0000,,,0
m2,Vantry,2022Q2,arpu,125.6278,,,0
m2,Vantry,2022Q2,market_share,38.6264,,,0
m2,Vantry,2022Q3,revenue,8874863.7895,8306398.9180,9485634.5148,0
m2,Vantry,2022Q3,actives,70743.5182,68418.6970,73065.0640,0
m2,Vantry,2022Q3,gross_adds,5694.7919,,,0
m2,Vantry,2022Q3,churn_rate,0.0000,,,0
m2,Vantry,2022Q3,arpu,125.4513,,,0
m2,Vantry,2022Q3,market_share,37.2241,,,0
m2,Vantry,2022Q4,revenue,13225795.8133,12399946.4679,14019042.2607,0
m2,Vantry,2022Q4,actives,74299.5258,72020.7858,76706.3733,0
m2,Vantry,2022Q4,gross_adds,4113.3826,,,0
m2,Vantry,2022Q4,churn_rate,0.0000,,,0
m2,Vantry,2022Q4,arpu,178.0065,,,0
m2,Vantry,2022Q4,market_share,44.1171,,,0
m2,Vantry,2023Q1,revenue,9868759.4901,9155527.8609,10626181.2286,1
m2,Vantry,2023Q1,actives,75803.9662,73538.8281,78370.4650,1
m2,Vantry,2023Q1,gross_adds,2173.6871,,,1
m2,Vantry,2023Q1,churn_rate,0.0092,,,1
m2,Vantry,2023Q1,arpu,130.1879,,,1
m2,Vantry,2023Q1,market_share,38.4553,,,1
m2,Vantry,2023Q2,revenue,10425015.6226,9749463.3504,11067552.2546,1
m2,Vantry,2023Q2,actives,73149.7133,70934.9802,75735.4227,1
m2,Vantry,2023Q2,gross_adds,12487.7235,,,1
m2,Vantry,2023Q2,churn_rate,0.0185,,,1
m2,Vantry,2023Q2,arpu,142.5162,,,1
m2,Vantry,2023Q2,market_share,37.9720,,,1
m2,Vantry,2023Q3,revenue,13707886.6880,12815278.7021,14518644.6833,1
m2,Vantry,2023Q3,actives,73123.5367,70906.9439,75350.9994,1
m2,Vantry,2023Q3,gross_adds,3382.4335,,,1
m2,Vantry,2023Q3,churn_rate,0.0147,,,1
m2,Vantry,2023Q3,arpu,187.4620,,,1
m2,Vantry,2023Q3,market_share,43.4142,,,1
m2,Vantry,2023Q4,revenue,15345000.8749,14404004.8166,16211187.8207,1
m2,Vantry,2023Q4,actives,75272.0209,72983.4939,77690.7944,1
m2,Vantry,2023Q4,gross_adds,3346.9193,,,1
m2,Vantry,2023Q4,churn_rate,0.0158,,,1
m2,Vantry,2023Q4,arpu,203.8606,,,1
m2,Vantry,2023Q4,market_share,43.7268,,,1
m2,Vantry,2024Q1,revenue,10779760.8675,10051669.6789,11479163.2036,1
m2,Vantry,2024Q1,actives,75680.4949,73348.3228,78316.4105,1
m2,Vantry,2024Q1,gross_adds,1650.5529,,,1
m2,Vantry,2024Q1,churn_rate,0.0165,,,1
m2,Vantry,2024Q1,arpu,142.4378,,,1
m2,Vantry,2024Q1,market_share,37.2836,,,1
m2,Vantry,2024Q2,revenue,11237961.9577,10526196.3718,11951749.1000,1
m2,Vantry,2024Q2,actives,74872.3958,72383.1928,77328.4313,1
m2,Vantry,2024Q2,gross_adds,1520.2615,,,1
m2,Vantry,2024Q2,churn_rate,0.0149,,,1
m2,Vantry,2024Q2,arpu,150.0949,,,1
m2,Vantry,2024Q2,market_share,37.5235,,,1
m2,Vantry,2024Q3,revenue,11605973.5574,10866029.0784,12322229.3617,1
m2,Vantry,2024Q3,actives,74704.6258,72340.8487,77081.5272,1
m2,Vantry,2024Q3,gross_adds,1613.0303,,,1
m2,Vantry,2024Q3,churn_rate,0.0164,,,1
m2,Vantry,2024Q3,arpu,155.3582,,,1
m2,Vantry,2024Q3,market_share,37.8200,,,1
m2,Vantry,2024Q4,revenue,16893751.1848,15885435.5335,17853358.4726,1
m2,Vantry,2024Q4,actives,74900.4452,72537.1665,77419.3042,1
m2,Vantry,2024Q4,gross_adds,2450.5954,,,1
m2,Vantry,2024Q4,churn_rate,0.0202,,,1
m2,Vantry,2024Q4,arpu,225.5494,,,1
m2,Vantry,2024Q4,market_share,44.1755,,,1
m2,Glimmerly,2022Q1,revenue,8516447.9152,7806908.2076,9347324.8889,0
m2,Glimmerly,2022Q1,actives,32487.2509,30763.2752,34277.8973,0
m2,Glimmerly,2022Q1,gross_adds,0.0000,,,0
m2,Glimmerly,2022Q1,churn_rate,0.0000,,,0
m2,Glimmerly,2022Q1,arpu,262.1474,,,0
m2,Glimmerly,2022Q1,market_share,33.2520,,,0
m2,Glimmerly,2022Q2,revenue,6395774.1703,5807241.9565,7056372.5254,0
m2,Glimmerly,2022Q2,actives,32407.7224,30726.0760,34026.6388,0
m2,Glimmerly,2022Q2,gross_adds,4967.7608,,,0
m2,Glimmerly,2022Q2,churn_rate,0.0000,,,0
m2,Glimmerly,2022Q2,arpu,197.3534,,,0
m2,Glimmerly,2022Q2,market_share,29.7691,,,0
m2,Glimmerly,2022Q3,revenue,7534484.3488,6916015.2725,8236965.1064,0
m2,Glimmerly,2022Q3,actives,34952.3999,33234.9389,36709.4510,0
m2,Glimmerly,2022Q3,gross_adds,2757.6720,,,0
m2,Glimmerly,2022Q3,churn_rate,0.0000,,,0
m2,Glimmerly,2022Q3,arpu,215.5641,,,0
m2,Glimmerly,2022Q3,market_share,31.6021,,,0
m2,Glimmerly,2022Q4,revenue,8503069.7093,7686081.3486,9378339.2657,0
m2,Glimmerly,2022Q4,actives,36848.0489,35057.1187,38721.7706,0
m2,Glimmerly,2022Q4,gross_adds,2107.9988,,,0
m2,Glimmerly,2022Q4,churn_rate,0.0000,,,0
m2,Glimmerly,2022Q4,arpu,230.7604,,,0
m2,Glimmerly,2022Q4,market_share,28.3636,,,0
m2,Glimmerly,2023Q1,revenue,7218562.8529,6517802.8146,7957152.2523,1
m2,Glimmerly,2023Q1,actives,36495.6011,34548.4367,38318.2016,1
m2,Glimmerly,2023Q1,gross_adds,876.7340,,,1
m2,Glimmerly,2023Q1,churn_rate,0.0280,,,1
m2,Glimmerly,2023Q1,arpu,197.7927,,,1
m2,Glimmerly,2023Q1,market_share,28.1284,,,1
m2,Glimmerly,2023Q2,revenue,7204878.6467,6608125.3169,7878654.1940,1
m2,Glimmerly,2023Q2,actives,35276.4313,33630.2109,36840.9310,1
m2,Glimmerly,2023Q2,gross_adds,7096.3036,,,1
m2,Glimmerly,2023Q2,churn_rate,0.0165,,,1
m2,Glimmerly,2023Q2,arpu,204.2406,,,1
m2,Glimmerly,2023Q2,market_share,26.2430,,,1
m2,Glimmerly,2023Q3,revenue,7888006.4251,7159120.4252,8583809.4269,1
m2,Glimmerly,2023Q3,actives,35888.1636,34252.9845,37313.5191,1
m2,Glimmerly,2023Q3,gross_adds,2625.9080,,,1
m2,Glimmerly,2023Q3,churn_rate,0.0220,,,1
m2,Glimmerly,2023Q3,arpu,219.7941,,,1
m2,Glimmerly,2023Q3,market_share,24.9821,,,1
m2,Glimmerly,2023Q4,revenue,9130668.7601,8320374.3724,9990917.3784,1
m2,Glimmerly,2023Q4,actives,36366.1379,34659.6092,37897.8519,1
m2,Glimmerly,2023Q4,gross_adds,1504.8530,,,1
m2,Glimmerly,2023Q4,churn_rate,0.0273,,,1
m2,Glimmerly,2023Q4,arpu,251.0761,,,1
m2,Glimmerly,2023Q4,market_share,26.0186,,,1
m2,Glimmerly,2024Q1,revenue,7599379.2134,6915578.4643,8300145.7021,1
m2,Glimmerly,2024Q1,actives,36707.3903,35102.8741,38408.0131,1
m2,Glimmerly,2024Q1,gross_adds,1183.2075,,,1
m2,Glimmerly,2024Q1,churn_rate,0.0087,,,1
m2,Glimmerly,2024Q1,arpu,207.0259,,,1
m2,Glimmerly,2024Q1,market_share,26.2837,,,1
m2,Glimmerly,2024Q2,revenue,7505468.5480,6829442.8196,8183750.2333,1
m2,Glimmerly,2024Q2,actives,37084.2985,35273.6498,38786.2432,1
m2,Glimmerly,2024Q2,gross_adds,961.9982,,,1
m2,Glimmerly,2024Q2,churn_rate,0.0176,,,1
m2,Glimmerly,2024Q2,arpu,202.3894,,,1
m2,Glimmerly,2024Q2,market_share,25.0607,,,1
m2,Glimmerly,2024Q3,revenue,8015276.0977,7301823.9727,8780043.9172,1
m2,Glimmerly,2024Q3,actives,36775.7565,34968.2343,38471.6215,1
m2,Glimmerly,2024Q3,gross_adds,1180.3080,,,1
m2,Glimmerly,2024Q3,churn_rate,0.0232,,,1
m2,Glimmerly,2024Q3,arpu,217.9500,,,1
m2,Glimmerly,2024Q3,market_share,26.1191,,,1
m2,Glimmerly,2024Q4,revenue,10004912.9761,9057194.4838,10937888.6862,1
m2,Glimmerly,2024Q4,actives,36066.0887,34253.0260,37739.2860,1
m2,Glimmerly,2024Q4,gross_adds,1209.3998,,,1
m2,Glimmerly,2024Q4,churn_rate,0.0332,,,1
m2,Glimmerly,2024Q4,arpu,277.4050,,,1
m2,Glimmerly,2024Q4,market_share,26.1619,,,1
m3,Streambird,2022Q1,revenue,855411.1290,801967.7884,909679.1445,0
m3,Streambird,2022Q1,actives,27064.5950,25323.7665,28818.8804,0
m3,Streambird,2022Q1,gross_adds,7799.0928,,,0
m3,Streambird,2022Q1,churn_rate,0.0000,,,0
m3,Streambird,2022Q1,arpu,31.6063,,,0
m3,Streambird,2022Q1,market_share,3.3399,,,0
m3,Streambird,2022Q2,revenue,761743.0806,711893.2392,808562.8226,0
m3,Streambird,2022Q2,actives,24637.6221,23095.7508,26247.9986,0
m3,Streambird,2022Q2,gross_adds,6235.4420,,,0
m3,Streambird,2022Q2,churn_rate,0.2061,,,0
m3,Streambird,2022Q2,arpu,30.9179,,,0
m3,Streambird,2022Q2,market_share,3.5455,,,0
m3,Streambird,2022Q3,revenue,822499.3463,774244.5909,873443.8957,0
m3,Streambird,2022Q3,actives,26472.2154,24816.7687,28052.2234,0
m3,Streambird,2022Q3,gross_adds,7348.2768,,,0
m3,Streambird,2022Q3,churn_rate,0.2005,,,0
m3,Streambird,2022Q3,arpu,31.0703,,,0
m3,Streambird,2022Q3,market_share,3.4498,,,0
m3,Streambird,2022Q4,revenue,928500.8803,870999.9010,984668.6428,0
m3,Streambird,2022Q4,actives,29459.3084,27649.7482,31281.7634,0
m3,Streambird,2022Q4,gross_adds,8016.8332,,,0
m3,Streambird,2022Q4,churn_rate,0.2046,,,0
m3,Streambird,2022Q4,arpu,31.5181,,,0
m3,Streambird,2022Q4,market_share,3.0972,,,0
m3,Streambird,2023Q1,revenue,1010609.0135,950019.6825,1066565.7837,1
m3,Streambird,2023Q1,actives,32369.8196,30483.5449,34179.8235,1
m3,Streambird,2023Q1,gross_adds,8167.3550,,,1
m3,Streambird,2023Q1,churn_rate,0.2120,,,1
m3,Streambird,2023Q1,arpu,31.2207,,,1
m3,Streambird,2023Q1,market_share,3.9380,,,1
m3,Streambird,2023Q2,revenue,1072049.8985,1021921.9263,1126039.7837,1
m3,Streambird,2023Q2,actives,34609.2148,33045.2599,36308.0850,1
m3,Streambird,2023Q2,gross_adds,8104.2555,,,1
m3,Streambird,2023Q2,churn_rate,0.2013,,,1
m3,Streambird,2023Q2,arpu,30.9759,,,1
m3,Streambird,2023Q2,market_share,3.9048,,,1
m3,Streambird,2023Q3,revenue,1094709.7787,1036525.1900,1150033.8985,1
m3,Streambird,2023Q3,actives,34455.1874,32582.5843,36228.3870,1
m3,Streambird,2023Q3,gross_adds,6709.0326,,,1
m3,Streambird,2023Q3,churn_rate,0.1752,,,1
m3,Streambird,2023Q3,arpu,31.7720,,,1
m3,Streambird,2023Q3,market_share,3.8180,,,1
m3,Streambird,2023Q4,revenue,1154364.8875,1094811.9831,1211338.1015,1
m3,Streambird,2023Q4,actives,36847.1038,35081.3528,38615.0716,1
m3,Streambird,2023Q4,gross_adds,9143.8643,,,1
m3,Streambird,2023Q4,churn_rate,0.2161,,,1
m3,Streambird,2023Q4,arpu,31.3285,,,1
m3,Streambird,2023Q4,market_share,3.2895,,,1
m3,Streambird,2024Q1,revenue,1174689.4559,1115039.1138,1236117.1436,1
m3,Streambird,2024Q1,actives,36958.3501,35103.1742,38793.3465,1
m3,Streambird,2024Q1,gross_adds,8147.5394,,,1
m3,Streambird,2024Q1,churn_rate,0.1937,,,1
m3,Streambird,2024Q1,arpu,31.7841,,,1
m3,Streambird,2024Q1,market_share,3.8599,,,1
m3,Streambird,2024Q2,revenue,1236404.9787,1173323.4033,1296138.9476,1
m3,Streambird,2024Q2,actives,39234.6463,37280.2533,41113.8207,1
m3,Streambird,2024Q2,gross_adds,9411.9010,,,1
m3,Streambird,2024Q2,churn_rate,0.1914,,,1
m3,Streambird,2024Q2,arpu,31.5131,,,1
m3,Streambird,2024Q2,market_share,4.0356,,,1
m3,Streambird,2024Q3,revenue,1473274.4586,1403263.8656,1547155.2616,1
m3,Streambird,2024Q3,actives,39347.0742,37381.2739,41313.0528,1
m3,Streambird,2024Q3,gross_adds,7919.5362,,,1
m3,Streambird,2024Q3,churn_rate,0.1985,,,1
m3,Streambird,2024Q3,arpu,37.4430,,,1
m3,Streambird,2024Q3,market_share,4.5437,,,1
m3,Streambird,2024Q4,revenue,1507892.2506,1429958.8685,1577633.2847,1
m3,Streambird,2024Q4,actives,36120.4993,34294.2784,37975.9679,1
m3,Streambird,2024Q4,gross_adds,9576.9542,,,1
m3,Streambird,2024Q4,churn_rate,0.2568,,,1
m3,Streambird,2024Q4,arpu,41.7462,,,1
m3,Streambird,2024Q4,market_share,3.7549,,,1
m3,Aurelo,2022Q1,revenue,575330.2795,535401.2272,615423.4932,0
m3,Aurelo,2022Q1,actives,20839.5316,19365.3483,22360.8034,0
m3,Aurelo,2022Q1,gross_adds,6909.3383,,,0
m3,Aurelo,2022Q1,churn_rate,0.0000,,,0
m3,Aurelo,2022Q1,arpu,27.6076,,,0
m3,Aurelo,2022Q1,market_share,2.2463,,,0
m3,Aurelo,2022Q2,revenue,560584.0355,526211.8312,594806.2745,0
m3,Aurelo,2022Q2,actives,20417.7433,19034.5780,21843.1751,0
m3,Aurelo,2022Q2,gross_adds,6094.4352,,,0
m3,Aurelo,2022Q2,churn_rate,0.1559,,,0
m3,Aurelo,2022Q2,arpu,27.4557,,,0
m3,Aurelo,2022Q2,market_share,2.6092,,,0
m3,Aurelo,2022Q3,revenue,609187.2899,566930.5281,648802.3507,0
m3,Aurelo,2022Q3,actives,21036.8699,19437.2761,22425.0509,0
m3,Aurelo,2022Q3,gross_adds,4348.5300,,,0
m3,Aurelo,2022Q3,churn_rate,0.2069,,,0
m3,Aurelo,2022Q3,arpu,28.9581,,,0
m3,Aurelo,2022Q3,market_share,2.5551,,,0
m3,Aurelo,2022Q4,revenue,649081.4500,607072.0757,691601.1038,0
m3,Aurelo,2022Q4,actives,22009.4804,20603.5469,23550.4101,0
m3,Aurelo,2022Q4,gross_adds,4875.9524,,,0
m3,Aurelo,2022Q4,churn_rate,0.1958,,,0
m3,Aurelo,2022Q4,arpu,29.4910,,,0
m3,Aurelo,2022Q4,market_share,2.1651,,,0
m3,Aurelo,2023Q1,revenue,682409.8274,638599.2163,727893.2043,1
m3,Aurelo,2023Q1,actives,23511.3164,22037.6371,25066.1741,1
m3,Aurelo,2023Q1,gross_adds,5751.1722,,,1
m3,Aurelo,2023Q1,churn_rate,0.1689,,,1
m3,Aurelo,2023Q1,arpu,29.0247,,,1
m3,Aurelo,2023Q1,market_share,2.6591,,,1
m3,Aurelo,2023Q2,revenue,718389.5748,678901.3855,760923.1007,1
m3,Aurelo,2023Q2,actives,24971.4117,23586.7808,26344.9068,1
m3,Aurelo,2023Q2,gross_adds,5376.3806,,,1
m3,Aurelo,2023Q2,churn_rate,0.2266,,,1
m3,Aurelo,2023Q2,arpu,28.7685,,,1
m3,Aurelo,2023Q2,market_share,2.6167,,,1
m3,Aurelo,2023Q3,revenue,718637.4114,677980.7978,761401.5154,1
m3,Aurelo,2023Q3,actives,24781.1385,23369.8051,26089.0301,1
m3,Aurelo,2023Q3,gross_adds,4869.2915,,,1
m3,Aurelo,2023Q3,churn_rate,0.1778,,,1
m3,Aurelo,2023Q3,arpu,28.9994,,,1
m3,Aurelo,2023Q3,market_share,2.5063,,,1
m3,Aurelo,2023Q4,revenue,722813.6074,682699.5066,763763.0331,1
m3,Aurelo,2023Q4,actives,24897.6376,23489.3009,26263.2413,1
m3,Aurelo,2023Q4,gross_adds,4668.6997,,,1
m3,Aurelo,2023Q4,churn_rate,0.2193,,,1
m3,Aurelo,2023Q4,arpu,29.0314,,,1
m3,Aurelo,2023Q4,market_share,2.0597,,,1
m3,Aurelo,2024Q1,revenue,729089.5021,687707.1748,769415.9774,1
m3,Aurelo,2024Q1,actives,24999.4250,23501.7574,26470.0354,1
m3,Aurelo,2024Q1,gross_adds,5870.4257,,,1
m3,Aurelo,2024Q1,churn_rate,0.1905,,,1
m3,Aurelo,2024Q1,arpu,29.1643,,,1
m3,Aurelo,2024Q1,market_share,2.3957,,,1
m3,Aurelo,2024Q2,revenue,773601.2476,726265.8140,817027.9463,1
m3,Aurelo,2024Q2,actives,27112.6635,25537.3456,28649.8065,1
m3,Aurelo,2024Q2,gross_adds,5780.7594,,,1
m3,Aurelo,2024Q2,churn_rate,0.1579,,,1
m3,Aurelo,2024Q2,arpu,28.5328,,,1
m3,Aurelo,2024Q2,market_share,2.5250,,,1
m3,Aurelo,2024Q3,revenue,779959.3665,736064.7097,822941.6705,1
m3,Aurelo,2024Q3,actives,26947.5044,25238.2380,28410.0072,1
m3,Aurelo,2024Q3,gross_adds,5272.9025,,,1
m3,Aurelo,2024Q3,churn_rate,0.1812,,,1
m3,Aurelo,2024Q3,arpu,28.9437,,,1
m3,Aurelo,2024Q3,market_share,2.4054,,,1
m3,Aurelo,2024Q4,revenue,792180.8337,748600.7170,836345.7456,1
m3,Aurelo,2024Q4,actives,24455.5011,22924.3593,25937.9778,1
m3,Aurelo,2024Q4,gross_adds,4896.8417,,,1
m3,Aurelo,2024Q4,churn_rate,0.2168,,,1
m3,Aurelo,2024Q4,arpu,32.3927,,,1
m3,Aurelo,2024Q4,market_share,1.9727,,,1
m3,Bramblebox,2022Q1,revenue,686920.6291,580272.0842,791166.8114,0
m3,Bramblebox,2022Q1,actives,4390.1509,3706.9908,5106.2133,0
m3,Bramblebox,2022Q1,gross_adds,1789.0022,,,0
m3,Bramblebox,2022Q1,churn_rate,0.0000,,,0
m3,Bramblebox,2022Q1,arpu,156.4686,,,0
m3,Bramblebox,2022Q1,market_share,2.6820,,,0
m3,Bramblebox,2022Q2,revenue,591478.9163,500263.6678,684420.2648,0
m3,Bramblebox,2022Q2,actives,3977.8196,3344.2566,4561.5573,0
m3,Bramblebox,2022Q2,gross_adds,1745.8151,,,0
m3,Bramblebox,2022Q2,churn_rate,0.3006,,,0
m3,Bramblebox,2022Q2,arpu,148.6943,,,0
m3,Bramblebox,2022Q2,market_share,2.7530,,,0
m3,Bramblebox,2022Q3,revenue,676163.8647,585586.8762,767278.4264,0
m3,Bramblebox,2022Q3,actives,4507.5468,3900.0719,5161.9778,0
m3,Bramblebox,2022Q3,gross_adds,2046.8828,,,0
m3,Bramblebox,2022Q3,churn_rate,0.4134,,,0
m3,Bramblebox,2022Q3,arpu,150.0071,,,0
m3,Bramblebox,2022Q3,market_share,2.8361,,,0
m3,Bramblebox,2022Q4,revenue,776480.4378,672443.1116,874229.2340,0
m3,Bramblebox,2022Q4,actives,5010.8432,4284.1721,5699.6915,0
m3,Bramblebox,2022Q4,gross_adds,2280.2647,,,0
m3,Bramblebox,2022Q4,churn_rate,0.4177,,,0
m3,Bramblebox,2022Q4,arpu,154.9600,,,0
m3,Bramblebox,2022Q4,market_share,2.5901,,,0
m3,Bramblebox,2023Q1,revenue,903918.9124,788368.3260,1004244.9481,1
m3,Bramblebox,2023Q1,actives,5853.9782,5148.5194,6599.6568,1
m3,Bramblebox,2023Q1,gross_adds,3061.4310,,,1
m3,Bramblebox,2023Q1,churn_rate,0.4386,,,1
m3,Bramblebox,2023Q1,arpu,154.4110,,,1
m3,Bramblebox,2023Q1,market_share,3.5223,,,1
m3,Bramblebox,2023Q2,revenue,1113960.9727,985872.1940,1237917.6798,1
m3,Bramblebox,2023Q2,actives,6903.0007,6068.8793,7717.2655,1
m3,Bramblebox,2023Q2,gross_adds,3438.7913,,,1
m3,Bramblebox,2023Q2,churn_rate,0.5379,,,1
m3,Bramblebox,2023Q2,arpu,161.3734,,,1
m3,Bramblebox,2023Q2,market_share,4.0575,,,1
m3,Bramblebox,2023Q3,revenue,1232476.2475,1098819.7617,1364042.1099,1
m3,Bramblebox,2023Q3,actives,7752.7697,6883.7584,8601.1772,1
m3,Bramblebox,2023Q3,gross_adds,3908.7151,,,1
m3,Bramblebox,2023Q3,churn_rate,0.4178,,,1
m3,Bramblebox,2023Q3,arpu,158.9724,,,1
m3,Bramblebox,2023Q3,market_share,4.2984,,,1
m3,Bramblebox,2023Q4,revenue,1439583.3941,1286707.0168,1571530.4296,1
m3,Bramblebox,2023Q4,actives,9319.7682,8312.1558,10180.6333,1
m3,Bramblebox,2023Q4,gross_adds,4431.9968,,,1
m3,Bramblebox,2023Q4,churn_rate,0.4274,,,1
m3,Bramblebox,2023Q4,arpu,154.4656,,,1
m3,Bramblebox,2023Q4,market_share,4.1022,,,1
m3,Bramblebox,2024Q1,revenue,1462361.9430,1321601.1403,1606192.4078,1
m3,Bramblebox,2024Q1,actives,8741.4185,7812.7581,9662.6088,1
m3,Bramblebox,2024Q1,gross_adds,3467.7233,,,1
m3,Bramblebox,2024Q1,churn_rate,0.3875,,,1
m3,Bramblebox,2024Q1,arpu,167.2911,,,1
m3,Bramblebox,2024Q1,market_share,4.8052,,,1
m3,Bramblebox,2024Q2,revenue,1651484.6923,1501689.9794,1797748.8689,1
m3,Bramblebox,2024Q2,actives,10526.3293,9534.7070,11401.9978,1
m3,Bramblebox,2024Q2,gross_adds,5038.1742,,,1
m3,Bramblebox,2024Q2,churn_rate,0.4290,,,1
m3,Bramblebox,2024Q2,arpu,156.8908,,,1
m3,Bramblebox,2024Q2,market_share,5.3905,,,1
m3,Bramblebox,2024Q3,revenue,1737390.8879,1577282.2137,1890798.1687,1
m3,Bramblebox,2024Q3,actives,11335.1497,10263.9286,12454.6995,1
m3,Bramblebox,2024Q3,gross_adds,4448.2877,,,1
m3,Bramblebox,2024Q3,churn_rate,0.3219,,,1
m3,Bramblebox,2024Q3,arpu,153.2746,,,1
m3,Bramblebox,2024Q3,market_share,5.3582,,,1
m3,Bramblebox,2024Q4,revenue,1915682.4670,1763951.8421,2095246.0148,1
m3,Bramblebox,2024Q4,actives,10476.0936,9546.5309,11502.2690,1
m3,Bramblebox,2024Q4,gross_adds,5167.9101,,,1
m3,Bramblebox,2024Q4,churn_rate,0.4314,,,1
m3,Bramblebox,2024Q4,arpu,182.8623,,,1
m3,Bramblebox,2024Q4,market_share,4.7704,,,1
m3,Pinefort,2022Q1,revenue,5123001.8087,4545912.1635,5756878.8107,0
m3,Pinefort,2022Q1,actives,15786.2690,14337.6985,17369.7357,0
m3,Pinefort,2022Q1,gross_adds,3436.8533,,,0
m3,Pinefort,2022Q1,churn_rate,0.0000,,,0
m3,Pinefort,2022Q1,arpu,324.5226,,,0
m3,Pinefort,2022Q1,market_share,20.0025,,,0
m3,Pinefort,2022Q2,revenue,4876295.7044,4418787.0223,5365504.9647,0
m3,Pinefort,2022Q2,actives,14919.5481,13682.2730,16089.4655,0
m3,Pinefort,2022Q2,gross_adds,3027.3843,,,0
m3,Pinefort,2022Q2,churn_rate,0.1031,,,0
m3,Pinefort,2022Q2,arpu,326.8394,,,0
m3,Pinefort,2022Q2,market_share,22.6967,,,0
m3,Pinefort,2022Q3,revenue,5324508.8346,4811010.5823,5835680.0895,0
m3,Pinefort,2022Q3,actives,16036.7574,14594.8713,17492.3869,0
m3,Pinefort,2022Q3,gross_adds,2659.8526,,,0
m3,Pinefort,2022Q3,churn_rate,0.1000,,,0
m3,Pinefort,2022Q3,arpu,332.0190,,,0
m3,Pinefort,2022Q3,market_share,22.3327,,,0
m3,Pinefort,2022Q4,revenue,5895916.1682,5324516.8237,6513702.8272,0
m3,Pinefort,2022Q4,actives,17138.7254,15533.7579,18680.4304,0
m3,Pinefort,2022Q4,gross_adds,2649.5158,,,0
m3,Pinefort,2022Q4,churn_rate,0.0854,,,0
m3,Pinefort,2022Q4,arpu,344.0114,,,0
m3,Pinefort,2022Q4,market_share,19.6669,,,0
m3,Pinefort,2023Q1,revenue,5978668.1875,5425571.8925,6578020.8346,1
m3,Pinefort,2023Q1,actives,18581.1679,17152.6396,20112.1586,1
m3,Pinefort,2023Q1,gross_adds,3032.3945,,,1
m3,Pinefort,2023Q1,churn_rate,0.0700,,,1
m3,Pinefort,2023Q1,arpu,321.7595,,,1
m3,Pinefort,2023Q1,market_share,23.2969,,,1
m3,Pinefort,2023Q2,revenue,6920216.3518,6325927.1618,7555929.9335,1
m3,Pinefort,2023Q2,actives,20325.3940,18949.4185,21852.1739,1
m3,Pinefort,2023Q2,gross_adds,3045.3012,,,1
m3,Pinefort,2023Q2,churn_rate,0.0919,,,1
m3,Pinefort,2023Q2,arpu,340.4714,,,1
m3,Pinefort,2023Q2,market_share,25.2061,,,1
m3,Pinefort,2023Q3,revenue,6807569.4938,6259342.6561,7425631.7056,1
m3,Pinefort,2023Q3,actives,20345.1140,18997.3400,21825.1482,1
m3,Pinefort,2023Q3,gross_adds,2417.9980,,,1
m3,Pinefort,2023Q3,churn_rate,0.0865,,,1
m3,Pinefort,2023Q3,arpu,334.6046,,,1
m3,Pinefort,2023Q3,market_share,23.7423,,,1
m3,Pinefort,2023Q4,revenue,7300432.1414,6705968.5385,7932927.5668,1
m3,Pinefort,2023Q4,actives,21896.1371,20396.3662,23499.2605,1
m3,Pinefort,2023Q4,gross_adds,2680.7282,,,1
m3,Pinefort,2023Q4,churn_rate,0.0737,,,1
m3,Pinefort,2023Q4,arpu,333.4119,,,1
m3,Pinefort,2023Q4,market_share,20.8032,,,1
m3,Pinefort,2024Q1,revenue,7866569.9467,7194687.6247,8622713.4642,1
m3,Pinefort,2024Q1,actives,23231.2971,21682.7482,24925.9648,1
m3,Pinefort,2024Q1,gross_adds,3020.7961,,,1
m3,Pinefort,2024Q1,churn_rate,0.0799,,,1
m3,Pinefort,2024Q1,arpu,338.6195,,,1
m3,Pinefort,2024Q1,market_share,25.8490,,,1
m3,Pinefort,2024Q2,revenue,8232245.1815,7615304.7786,8947349.3474,1
m3,Pinefort,2024Q2,actives,24147.4566,22597.9548,25928.3627,1
m3,Pinefort,2024Q2,gross_adds,3020.8017,,,1
m3,Pinefort,2024Q2,churn_rate,0.0763,,,1
m3,Pinefort,2024Q2,arpu,340.9156,,,1
m3,Pinefort,2024Q2,market_share,26.8701,,,1
m3,Pinefort,2024Q3,revenue,8812878.7834,8165888.5743,9514253.8459,1
m3,Pinefort,2024Q3,actives,26140.3180,24426.2441,27903.5377,1
m3,Pinefort,2024Q3,gross_adds,3530.5620,,,1
m3,Pinefort,2024Q3,churn_rate,0.0656,,,1
m3,Pinefort,2024Q3,arpu,337.1374,,,1
m3,Pinefort,2024Q3,market_share,27.1795,,,1
m3,Pinefort,2024Q4,revenue,9043616.8031,8351027.7108,9680069.9928,1
m3,Pinefort,2024Q4,actives,25938.2830,24131.4086,27709.4123,1
m3,Pinefort,2024Q4,gross_adds,2691.0336,,,1
m3,Pinefort,2024Q4,churn_rate,0.0773,,,1
m3,Pinefort,2024Q4,arpu,348.6590,,,1
m3,Pinefort,2024Q4,market_share,22.5201,,,1
m3,Vantry,2022Q1,revenue,9854746.1244,9183242.7358,10458868.8447,0
m3,Vantry,2022Q1,actives,66190.9904,63767.9720,68809.3639,0
m3,Vantry,2022Q1,gross_adds,0.0000,,,0
m3,Vantry,2022Q1,churn_rate,0.0000,,,0
m3,Vantry,2022Q1,arpu,148.8835,,,0
m3,Vantry,2022Q1,market_share,38.4773,,,0
m3,Vantry,2022Q2,revenue,8298718.4381,7777848.5326,8877704.3197,0
m3,Vantry,2022Q2,actives,66058.0023,63754.7354,68643.0388,0
m3,Vantry,2022Q2,gross_adds,10952.2349,,,0
m3,Vantry,2022Q2,churn_rate,0.0000,,,0
m3,Vantry,2022Q2,arpu,125.6278,,,0
m3,Vantry,2022Q2,market_share,38.6264,,,0
m3,Vantry,2022Q3,revenue,8874863.7895,8306398.9180,9485634.5148,0
m3,Vantry,2022Q3,actives,70743.5182,68418.6970,73065.0640,0
m3,Vantry,2022Q3,gross_adds,5694.7919,,,0
m3,Vantry,2022Q3,churn_rate,0.0000,,,0
m3,Vantry,2022Q3,arpu,125.4513,,,0
m3,Vantry,2022Q3,market_share,37.2241,,,0
m3,Vantry,2022Q4,revenue,13225795.8133,12399946.4679,14019042.2607,0
m3,Vantry,2022Q4,actives,74299.5258,72020.7858,76706.3733,0
m3,Vantry,2022Q4,gross_adds,4113.3826,,,0
m3,Vantry,2022Q4,churn_rate,0.0000,,,0
m3,Vantry,2022Q4,arpu,178.0065,,,0
m3,Vantry,2022Q4,market_share,44.1171,,,0
m3,Vantry,2023Q1,revenue,9868759.4901,9155527.8609,10626181.2286,1
m3,Vantry,2023Q1,actives,75803.9662,73538.8281,78370.4650,1
m3,Vantry,2023Q1,gross_adds,2173.6871,,,1
m3,Vantry,2023Q1,churn_rate,0.0092,,,1
m3,Vantry,2023Q1,arpu,130.1879,,,1
m3,Vantry,2023Q1,market_share,38.4553,,,1
m3,Vantry,2023Q2,revenue,10425015.6226,9749463.3504,11067552.2546,1
m3,Vantry,2023Q2,actives,73149.7133,70934.9802,75735.4227,1
m3,Vantry,2023Q2,gross_adds,12487.7235,,,1
m3,Vantry,2023Q2,churn_rate,0.0185,,,1
m3,Vantry,2023Q2,arpu,142.5162,,,1
m3,Vantry,2023Q2,market_share,37.9720,,,1
m3,Vantry,2023Q3,revenue,11047104.7212,10349634.2277,11708414.6345,1
m3,Vantry,2023Q3,actives,73123.5367,70906.9439,75350.9994,1
m3,Vantry,2023Q3,gross_adds,3382.4335,,,1
m3,Vantry,2023Q3,churn_rate,0.0147,,,1
m3,Vantry,2023Q3,arpu,151.0745,,,1
m3,Vantry,2023Q3,market_share,38.5283,,,1
m3,Vantry,2023Q4,revenue,15345000.8749,14404004.8166,16211187.8207,1
m3,Vantry,2023Q4,actives,75272.0209,72983.4939,77690.7944,1
m3,Vantry,2023Q4,gross_adds,3346.9193,,,1
m3,Vantry,2023Q4,churn_rate,0.0158,,,1
m3,Vantry,2023Q4,arpu,203.8606,,,1
m3,Vantry,2023Q4,market_share,43.7268,,,1
m3,Vantry,2024Q1,revenue,11276469.3103,10521922.5828,12019735.7924,1
m3,Vantry,2024Q1,actives,75680.4949,73348.3228,78316.4105,1
m3,Vantry,2024Q1,gross_adds,1650.5529,,,1
m3,Vantry,2024Q1,churn_rate,0.0165,,,1
m3,Vantry,2024Q1,arpu,149.0010,,,1
m3,Vantry,2024Q1,market_share,37.0537,,,1
m3,Vantry,2024Q2,revenue,11237961.9577,10526196.3718,11951749.1000,1
m3,Vantry,2024Q2,actives,74872.3958,72383.1928,77328.4313,1
m3,Vantry,2024Q2,gross_adds,1520.2615,,,1
m3,Vantry,2024Q2,churn_rate,0.0149,,,1
m3,Vantry,2024Q2,arpu,150.0949,,,1
m3,Vantry,2024Q2,market_share,36.6808,,,1
m3,Vantry,2024Q3,revenue,11605973.5574,10866029.0784,12322229.3617,1
m3,Vantry,2024Q3,actives,74704.6258,72340.8487,77081.5272,1
m3,Vantry,2024Q3,gross_adds,1613.0303,,,1
m3,Vantry,2024Q3,churn_rate,0.0164,,,1
m3,Vantry,2024Q3,arpu,155.3582,,,1
m3,Vantry,2024Q3,market_share,35.7936,,,1
m3,Vantry,2024Q4,revenue,16893751.1848,15885435.5335,17853358.4726,1
m3,Vantry,2024Q4,actives,74900.4452,72537.1665,77419.3042,1
m3,Vantry,2024Q4,gross_adds,2450.5954,,,1
m3,Vantry,2024Q4,churn_rate,0.0202,,,1
m3,Vantry,2024Q4,arpu,225.5494,,,1
m3,Vantry,2024Q4,market_share,42.0682,,,1
m3,Glimmerly,2022Q1,revenue,8516447.9152,7806908.2076,9347324.8889,0
m3,Glimmerly,2022Q1,actives,32487.2509,30763.2752,34277.8973,0
m3,Glimmerly,2022Q1,gross_adds,0.0000,,,0
m3,Glimmerly,2022Q1,churn_rate,0.0000,,,0
m3,Glimmerly,2022Q1,arpu,262.1474,,,0
m3,Glimmerly,2022Q1,market_share,33.2520,,,0
m3,Glimmerly,2022Q2,revenue,6395774.1703,5807241.9565,7056372.5254,0
m3,Glimmerly,2022Q2,actives,32407.7224,30726.0760,34026.6388,0
m3,Glimmerly,2022Q2,gross_adds,4967.7608,,,0
m3,Glimmerly,2022Q2,churn_rate,0.0000,,,0
m3,Glimmerly,2022Q2,arpu,197.3534,,,0
m3,Glimmerly,2022Q2,market_share,29.7691,,,0
m3,Glimmerly,2022Q3,revenue,7534484.3488,6916015.2725,8236965.1064,0
m3,Glimmerly,2022Q3,actives,34952.3999,33234.9389,36709.4510,0
m3,Glimmerly,2022Q3,gross_adds,2757.6720,,,0
m3,Glimmerly,2022Q3,churn_rate,0.0000,,,0
m3,Glimmerly,2022Q3,arpu,215.5641,,,0
m3,Glimmerly,2022Q3,market_share,31.6021,,,0
m3,Glimmerly,2022Q4,revenue,8503069.7093,7686081.3486,9378339.2657,0
m3,Glimmerly,2022Q4,actives,36848.0489,35057.1187,38721.7706,0
m3,Glimmerly,2022Q4,gross_adds,2107.9988,,,0
m3,Glimmerly,2022Q4,churn_rate,0.0000,,,0
m3,Glimmerly,2022Q4,arpu,230.7604,,,0
m3,Glimmerly,2022Q4,market_share,28.3636,,,0
m3,Glimmerly,2023Q1,revenue,7218562.8529,6517802.8146,7957152.2523,1
m3,Glimmerly,2023Q1,actives,36495.6011,34548.4367,38318.2016,1
m3,Glimmerly,2023Q1,gross_adds,876.7340,,,1
m3,Glimmerly,2023Q1,churn_rate,0.0280,,,1
m3,Glimmerly,2023Q1,arpu,197.7927,,,1
m3,Glimmerly,2023Q1,market_share,28.1284,,,1
m3,Glimmerly,2023Q2,revenue,7204878.6467,6608125.3169,7878654.1940,1
m3,Glimmerly,2023Q2,actives,35276.4313,33630.2109,36840.9310,1
m3,Glimmerly,2023Q2,gross_adds,7096.3036,,,1
m3,Glimmerly,2023Q2,churn_rate,0.0165,,,1
m3,Glimmerly,2023Q2,arpu,204.2406,,,1
m3,Glimmerly,2023Q2,market_share,26.2430,,,1
m3,Glimmerly,2023Q3,revenue,7772192.1349,7050021.5868,8459421.3041,1
m3,Glimmerly,2023Q3,actives,35888.1636,34252.9845,37313.5191,1
m3,Glimmerly,2023Q3,gross_adds,2625.9080,,,1
m3,Glimmerly,2023Q3,churn_rate,0.0220,,,1
m3,Glimmerly,2023Q3,arpu,216.5670,,,1
m3,Glimmerly,2023Q3,market_share,27.1066,,,1
m3,Glimmerly,2023Q4,revenue,9130668.7601,8320374.3724,9990917.3784,1
m3,Glimmerly,2023Q4,actives,36366.1379,34659.6092,37897.8519,1
m3,Glimmerly,2023Q4,gross_adds,1504.8530,,,1
m3,Glimmerly,2023Q4,churn_rate,0.0273,,,1
m3,Glimmerly,2023Q4,arpu,251.0761,,,1
m3,Glimmerly,2023Q4,market_share,26.0186,,,1
m3,Glimmerly,2024Q1,revenue,7923610.6652,7222010.1274,8657415.9794,1
m3,Glimmerly,2024Q1,actives,36707.3903,35102.8741,38408.0131,1
m3,Glimmerly,2024Q1,gross_adds,1183.2075,,,1
m3,Glimmerly,2024Q1,churn_rate,0.0087,,,1
m3,Glimmerly,2024Q1,arpu,215.8587,,,1
m3,Glimmerly,2024Q1,market_share,26.0364,,,1
m3,Glimmerly,2024Q2,revenue,7505468.5480,6829442.8196,8183750.2333,1
m3,Glimmerly,2024Q2,actives,37084.2985,35273.6498,38786.2432,1
m3,Glimmerly,2024Q2,gross_adds,961.9982,,,1
m3,Glimmerly,2024Q2,churn_rate,0.0176,,,1
m3,Glimmerly,2024Q2,arpu,202.3894,,,1
m3,Glimmerly,2024Q2,market_share,24.4979,,,1
m3,Glimmerly,2024Q3,revenue,8015276.0977,7301823.9727,8780043.9172,1
m3,Glimmerly,2024Q3,actives,36775.7565,34968.2343,38471.6215,1
m3,Glimmerly,2024Q3,gross_adds,1180.3080,,,1
m3,Glimmerly,2024Q3,churn_rate,0.0232,,,1
m3,Glimmerly,2024Q3,arpu,217.9500,,,1
m3,Glimmerly,2024Q3,market_share,24.7196,,,1
m3,Glimmerly,2024Q4,revenue,10004912.9761,9057194.4838,10937888.6862,1
m3,Glimmerly,2024Q4,actives,36066.0887,34253.0260,37739.2860,1
m3,Glimmerly,2024Q4,gross_adds,1209.3998,,,1
m3,Glimmerly,2024Q4,churn_rate,0.0332,,,1
m3,Glimmerly,2024Q4,arpu,277.4050,,,1
m3,Glimmerly,2024Q4,market_share,24.9138,,,1
m4,Streambird,2022Q1,revenue,855411.1290,801967.7884,909679.1445,0
m4,Streambird,2022Q1,actives,27064.5950,25323.7665,28818.8804,0
m4,Streambird,2022Q1,gross_adds,7799.0928,,,0
m4,Streambird,2022Q1,churn_rate,0.0000,,,0
m4,Streambird,2022Q1,arpu,31.6063,,,0
m4,Streambird,2022Q1,market_share,3.3399,,,0
m4,Streambird,2022Q2,revenue,801449.4426,772002.8748,833610.6372,0
m4,Streambird,2022Q2,actives,21847.8396,20978.3015,22807.5929,0
m4,Streambird,2022Q2,gross_adds,5529.3865,,,0
m4,Streambird,2022Q2,churn_rate,0.2061,,,0
m4,Streambird,2022Q2,arpu,36.6832,,,0
m4,Streambird,2022Q2,market_share,3.4886,,,0
m4,Streambird,2022Q3,revenue,966640.7715,932973.1508,1004999.4528,0
m4,Streambird,2022Q3,actives,26096.2215,24986.8543,27270.5249,0
m4,Streambird,2022Q3,gross_adds,7243.9067,,,0
m4,Streambird,2022Q3,churn_rate,0.2005,,,0
m4,Streambird,2022Q3,arpu,37.0414,,,0
m4,Streambird,2022Q3,market_share,3.4361,,,0
m4,Streambird,2022Q4,revenue,1103630.0009,1061736.5582,1146963.5107,0
m4,Streambird,2022Q4,actives,30080.3818,28825.0864,31356.7291,0
m4,Streambird,2022Q4,gross_adds,8185.8474,,,0
m4,Streambird,2022Q4,churn_rate,0.2046,,,0
m4,Streambird,2022Q4,arpu,36.6894,,,0
m4,Streambird,2022Q4,market_share,3.0249,,,0
m4,Streambird,2023Q1,revenue,1249698.5406,1199555.8621,1298666.9639,1
m4,Streambird,2023Q1,actives,34992.7083,33577.2217,36451.3367,1
m4,Streambird,2023Q1,gross_adds,8829.1462,,,1
m4,Streambird,2023Q1,churn_rate,0.2120,,,1
m4,Streambird,2023Q1,arpu,35.7131,,,1
m4,Streambird,2023Q1,market_share,3.7513,,,1
m4,Streambird,2023Q2,revenue,1282052.9458,1226613.0148,1337640.8538,1
m4,Streambird,2023Q2,actives,36522.8998,34950.5181,38141.6001,1
m4,Streambird,2023Q2,gross_adds,8552.3729,,,1
m4,Streambird,2023Q2,churn_rate,0.2013,,,1
m4,Streambird,2023Q2,arpu,35.1027,,,1
m4,Streambird,2023Q2,market_share,3.6057,,,1
m4,Streambird,2023Q3,revenue,1308010.5984,1257040.4832,1358311.2320,1
m4,Streambird,2023Q3,actives,35403.8902,34029.9194,36615.7207,1
m4,Streambird,2023Q3,gross_adds,6893.7618,,,1
m4,Streambird,2023Q3,churn_rate,0.1752,,,1
m4,Streambird,2023Q3,arpu,36.9454,,,1
m4,Streambird,2023Q3,market_share,3.5695,,,1
m4,Streambird,2023Q4,revenue,1414908.2037,1366270.2806,1462880.3390,1
m4,Streambird,2023Q4,actives,38118.4922,36713.9469,39554.4697,1
m4,Streambird,2023Q4,gross_adds,9459.3681,,,1
m4,Streambird,2023Q4,churn_rate,0.2161,,,1
m4,Streambird,2023Q4,arpu,37.1187,,,1
m4,Streambird,2023Q4,market_share,3.1505,,,1
m4,Streambird,2024Q1,revenue,1450008.3721,1396430.3308,1500110.5118,1
m4,Streambird,2024Q1,actives,38714.5422,37255.6946,40222.3825,1
m4,Streambird,2024Q1,gross_adds,8534.6953,,,1
m4,Streambird,2024Q1,churn_rate,0.1937,,,1
m4,Streambird,2024Q1,arpu,37.4538,,,1
m4,Streambird,2024Q1,market_share,3.7268,,,1
m4,Streambird,2024Q2,revenue,1552702.0625,1505985.8316,1602251.4385,1
m4,Streambird,2024Q2,actives,42386.7015,41064.1073,43950.9433,1
m4,Streambird,2024Q2,gross_adds,10168.0396,,,1
m4,Streambird,2024Q2,churn_rate,0.1914,,,1
m4,Streambird,2024Q2,arpu,36.6318,,,1
m4,Streambird,2024Q2,market_share,3.9241,,,1
m4,Streambird,2024Q3,revenue,1857467.0177,1803388.0177,1912487.7068,1
m4,Streambird,2024Q3,actives,42797.9394,41419.0621,44255.3932,1
m4,Streambird,2024Q3,gross_adds,8614.1050,,,1
m4,Streambird,2024Q3,churn_rate,0.1985,,,1
m4,Streambird,2024Q3,arpu,43.4009,,,1
m4,Streambird,2024Q3,market_share,4.4709,,,1
m4,Streambird,2024Q4,revenue,1905793.0247,1852133.5556,1964949.0841,1
m4,Streambird,2024Q4,actives,39709.6214,38261.7337,41373.8330,1
m4,Streambird,2024Q4,gross_adds,10528.5705,,,1
m4,Streambird,2024Q4,churn_rate,0.2568,,,1
m4,Streambird,2024Q4,arpu,47.9932,,,1
m4,Streambird,2024Q4,market_share,3.6998,,,1
m4,Aurelo,2022Q1,revenue,575330.2795,535401.2272,615423.4932,0
m4,Aurelo,2022Q1,actives,20839.5316,19365.3483,22360.8034,0
m4,Aurelo,2022Q1,gross_adds,6909.3383,,,0
m4,Aurelo,2022Q1,churn_rate,0.0000,,,0
m4,Aurelo,2022Q1,arpu,27.6076,,,0
m4,Aurelo,2022Q1,market_share,2.2463,,,0
m4,Aurelo,2022Q2,revenue,584621.4484,561322.2632,611570.4109,0
m4,Aurelo,2022Q2,actives,18615.4435,17851.1539,19458.3597,0
m4,Aurelo,2022Q2,gross_adds,5556.4718,,,0
m4,Aurelo,2022Q2,churn_rate,0.1559,,,0
m4,Aurelo,2022Q2,arpu,31.4052,,,0
m4,Aurelo,2022Q2,market_share,2.5448,,,0
m4,Aurelo,2022Q3,revenue,695178.7692,670027.8461,723832.8766,0
m4,Aurelo,2022Q3,actives,20371.3459,19516.7952,21279.3092,0
m4,Aurelo,2022Q3,gross_adds,4210.9596,,,0
m4,Aurelo,2022Q3,churn_rate,0.2069,,,0
m4,Aurelo,2022Q3,arpu,34.1253,,,0
m4,Aurelo,2022Q3,market_share,2.4712,,,0
m4,Aurelo,2022Q4,revenue,742412.6745,717319.5198,771813.4576,0
m4,Aurelo,2022Q4,actives,21866.6730,21033.9127,22778.6441,0
m4,Aurelo,2022Q4,gross_adds,4844.3151,,,0
m4,Aurelo,2022Q4,churn_rate,0.1958,,,0
m4,Aurelo,2022Q4,arpu,33.9518,,,0
m4,Aurelo,2022Q4,market_share,2.0348,,,0
m4,Aurelo,2023Q1,revenue,825233.8664,789112.1162,858661.0385,1
m4,Aurelo,2023Q1,actives,24445.5980,23429.5816,25507.5825,1
m4,Aurelo,2023Q1,gross_adds,5979.7095,,,1
m4,Aurelo,2023Q1,churn_rate,0.1689,,,1
m4,Aurelo,2023Q1,arpu,33.7580,,,1
m4,Aurelo,2023Q1,market_share,2.4771,,,1
m4,Aurelo,2023Q2,revenue,850656.5649,813075.8508,889790.1586,1
m4,Aurelo,2023Q2,actives,26253.3050,25156.1411,27447.5473,1
m4,Aurelo,2023Q2,gross_adds,5652.3741,,,1
m4,Aurelo,2023Q2,churn_rate,0.2266,,,1
m4,Aurelo,2023Q2,arpu,32.4019,,,1
m4,Aurelo,2023Q2,market_share,2.3925,,,1
m4,Aurelo,2023Q3,revenue,875821.9385,843228.7240,910635.0147,1
m4,Aurelo,2023Q3,actives,26015.0725,24959.2662,27155.3745,1
m4,Aurelo,2023Q3,gross_adds,5111.7494,,,1
m4,Aurelo,2023Q3,churn_rate,0.1778,,,1
m4,Aurelo,2023Q3,arpu,33.6659,,,1
m4,Aurelo,2023Q3,market_share,2.3901,,,1
m4,Aurelo,2023Q4,revenue,885617.6904,854675.2080,913255.3241,1
m4,Aurelo,2023Q4,actives,26503.5114,25522.8129,27453.8506,1
m4,Aurelo,2023Q4,gross_adds,4969.8264,,,1
m4,Aurelo,2023Q4,churn_rate,0.2193,,,1
m4,Aurelo,2023Q4,arpu,33.4151,,,1
m4,Aurelo,2023Q4,market_share,1.9720,,,1
m4,Aurelo,2024Q1,revenue,911432.7574,878767.4128,945440.1504,1
m4,Aurelo,2024Q1,actives,27113.6241,26074.3309,28166.3460,1
m4,Aurelo,2024Q1,gross_adds,6366.8871,,,1
m4,Aurelo,2024Q1,churn_rate,0.1905,,,1
m4,Aurelo,2024Q1,arpu,33.6153,,,1
m4,Aurelo,2024Q1,market_share,2.3425,,,1
m4,Aurelo,2024Q2,revenue,962322.5777,930218.4993,998578.7645,1
m4,Aurelo,2024Q2,actives,30129.7588,29195.3021,31251.4261,1
m4,Aurelo,2024Q2,gross_adds,6424.0419,,,1
m4,Aurelo,2024Q2,churn_rate,0.1579,,,1
m4,Aurelo,2024Q2,arpu,31.9393,,,1
m4,Aurelo,2024Q2,market_share,2.4320,,,1
m4,Aurelo,2024Q3,revenue,980525.4610,946118.3840,1016691.1968,1
m4,Aurelo,2024Q3,actives,29762.5262,28626.3943,30784.1913,1
m4,Aurelo,2024Q3,gross_adds,5823.7266,,,1
m4,Aurelo,2024Q3,churn_rate,0.1812,,,1
m4,Aurelo,2024Q3,arpu,32.9450,,,1
m4,Aurelo,2024Q3,market_share,2.3601,,,1
m4,Aurelo,2024Q4,revenue,1005653.8157,968372.2007,1036737.2940,1
m4,Aurelo,2024Q4,actives,26616.7070,25499.4760,27790.3461,1
m4,Aurelo,2024Q4,gross_adds,5329.5902,,,1
m4,Aurelo,2024Q4,churn_rate,0.2168,,,1
m4,Aurelo,2024Q4,arpu,37.7828,,,1
m4,Aurelo,2024Q4,market_share,1.9523,,,1
m4,Bramblebox,2022Q1,revenue,686920.6291,580272.0842,791166.8114,0
m4,Bramblebox,2022Q1,actives,4390.1509,3706.9908,5106.2133,0
m4,Bramblebox,2022Q1,gross_adds,1789.0022,,,0
m4,Bramblebox,2022Q1,churn_rate,0.0000,,,0
m4,Bramblebox,2022Q1,arpu,156.4686,,,0
m4,Bramblebox,2022Q1,market_share,2.6820,,,0
m4,Bramblebox,2022Q2,revenue,602741.0211,528967.3385,675876.0337,0
m4,Bramblebox,2022Q2,actives,3624.3124,3173.2170,4085.4604,0
m4,Bramblebox,2022Q2,gross_adds,1590.6652,,,0
m4,Bramblebox,2022Q2,churn_rate,0.3006,,,0
m4,Bramblebox,2022Q2,arpu,166.3049,,,0
m4,Bramblebox,2022Q2,market_share,2.6237,,,0
m4,Bramblebox,2022Q3,revenue,793821.8659,702571.6853,877350.7598,0
m4,Bramblebox,2022Q3,actives,4314.5745,3815.7772,4844.3840,0
m4,Bramblebox,2022Q3,gross_adds,1959.2538,,,0
m4,Bramblebox,2022Q3,churn_rate,0.4134,,,0
m4,Bramblebox,2022Q3,arpu,183.9861,,,0
m4,Bramblebox,2022Q3,market_share,2.8218,,,0
m4,Bramblebox,2022Q4,revenue,950549.5691,833422.0454,1055791.8389,0
m4,Bramblebox,2022Q4,actives,5037.9349,4345.1774,5745.6914,0
m4,Bramblebox,2022Q4,gross_adds,2292.5932,,,0
m4,Bramblebox,2022Q4,churn_rate,0.4177,,,0
m4,Bramblebox,2022Q4,arpu,188.6784,,,0
m4,Bramblebox,2022Q4,market_share,2.6053,,,0
m4,Bramblebox,2023Q1,revenue,1234991.4529,1103122.3096,1378816.0014,1
m4,Bramblebox,2023Q1,actives,6066.6982,5383.3200,6824.1824,1
m4,Bramblebox,2023Q1,gross_adds,3172.6763,,,1
m4,Bramblebox,2023Q1,churn_rate,0.4386,,,1
m4,Bramblebox,2023Q1,arpu,203.5690,,,1
m4,Bramblebox,2023Q1,market_share,3.7071,,,1
m4,Bramblebox,2023Q2,revenue,1512532.8166,1367386.2276,1695075.8112,1
m4,Bramblebox,2023Q2,actives,7199.4770,6402.4966,8167.4350,1
m4,Bramblebox,2023Q2,gross_adds,3586.4837,,,1
m4,Bramblebox,2023Q2,churn_rate,0.5379,,,1
m4,Bramblebox,2023Q2,arpu,210.0893,,,1
m4,Bramblebox,2023Q2,market_share,4.2540,,,1
m4,Bramblebox,2023Q3,revenue,1641733.1137,1516299.8752,1807687.9195,1
m4,Bramblebox,2023Q3,actives,7847.4767,7113.7306,8745.1989,1
m4,Bramblebox,2023Q3,gross_adds,3956.4636,,,1
m4,Bramblebox,2023Q3,churn_rate,0.4178,,,1
m4,Bramblebox,2023Q3,arpu,209.2052,,,1
m4,Bramblebox,2023Q3,market_share,4.4802,,,1
m4,Bramblebox,2023Q4,revenue,1822962.2398,1675201.6555,2009446.9997,1
m4,Bramblebox,2023Q4,actives,9539.7334,8758.5446,10429.0638,1
m4,Bramblebox,2023Q4,gross_adds,4536.6008,,,1
m4,Bramblebox,2023Q4,churn_rate,0.4274,,,1
m4,Bramblebox,2023Q4,arpu,191.0915,,,1
m4,Bramblebox,2023Q4,market_share,4.0591,,,1
m4,Bramblebox,2024Q1,revenue,1780939.4777,1631882.6197,1931579.7280,1
m4,Bramblebox,2024Q1,actives,8771.8688,7945.3038,9616.2157,1
m4,Bramblebox,2024Q1,gross_adds,3479.8029,,,1
m4,Bramblebox,2024Q1,churn_rate,0.3875,,,1
m4,Bramblebox,2024Q1,arpu,203.0285,,,1
m4,Bramblebox,2024Q1,market_share,4.5773,,,1
m4,Bramblebox,2024Q2,revenue,2033678.9436,1853163.8873,2185460.1732,1
m4,Bramblebox,2024Q2,actives,10996.1288,10100.4315,11854.0444,1
m4,Bramblebox,2024Q2,gross_adds,5263.0324,,,1
m4,Bramblebox,2024Q2,churn_rate,0.4290,,,1
m4,Bramblebox,2024Q2,arpu,184.9450,,,1
m4,Bramblebox,2024Q2,market_share,5.1396,,,1
m4,Bramblebox,2024Q3,revenue,2135926.4462,1985686.5459,2309658.3991,1
m4,Bramblebox,2024Q3,actives,11890.9805,10958.5973,12882.0342,1
m4,Bramblebox,2024Q3,gross_adds,4666.4141,,,1
m4,Bramblebox,2024Q3,churn_rate,0.3219,,,1
m4,Bramblebox,2024Q3,arpu,179.6258,,,1
m4,Bramblebox,2024Q3,market_share,5.1412,,,1
m4,Bramblebox,2024Q4,revenue,2410552.6830,2258991.9844,2606597.5554,1
m4,Bramblebox,2024Q4,actives,11007.7642,10107.6133,12044.3399,1
m4,Bramblebox,2024Q4,gross_adds,5430.1859,,,1
m4,Bramblebox,2024Q4,churn_rate,0.4314,,,1
m4,Bramblebox,2024Q4,arpu,218.9866,,,1
m4,Bramblebox,2024Q4,market_share,4.6798,,,1
m4,Pinefort,2022Q1,revenue,5123001.8087,4545912.1635,5756878.8107,0
m4,Pinefort,2022Q1,actives,15786.2690,14337.6985,17369.7357,0
m4,Pinefort,2022Q1,gross_adds,3436.8533,,,0
m4,Pinefort,2022Q1,churn_rate,0.0000,,,0
m4,Pinefort,2022Q1,arpu,324.5226,,,0
m4,Pinefort,2022Q1,market_share,20.0025,,,0
m4,Pinefort,2022Q2,revenue,5139954.6178,4785092.9433,5572807.3698,0
m4,Pinefort,2022Q2,actives,10396.0619,9867.3055,10969.2170,0
m4,Pinefort,2022Q2,gross_adds,2109.5059,,,0
m4,Pinefort,2022Q2,churn_rate,0.1031,,,0
m4,Pinefort,2022Q2,arpu,494.4136,,,0
m4,Pinefort,2022Q2,market_share,22.3736,,,0
m4,Pinefort,2022Q3,revenue,6114121.6838,5754346.6478,6517089.2344,0
m4,Pinefort,2022Q3,actives,12495.8843,11922.8232,13135.9468,0
m4,Pinefort,2022Q3,gross_adds,2072.5642,,,0
m4,Pinefort,2022Q3,churn_rate,0.1000,,,0
m4,Pinefort,2022Q3,arpu,489.2908,,,0
m4,Pinefort,2022Q3,market_share,21.7339,,,0
m4,Pinefort,2022Q4,revenue,7014511.5930,6593599.5059,7465361.8386,0
m4,Pinefort,2022Q4,actives,13870.1972,13259.6256,14488.7431,0
m4,Pinefort,2022Q4,gross_adds,2144.2264,,,0
m4,Pinefort,2022Q4,churn_rate,0.0854,,,0
m4,Pinefort,2022Q4,arpu,505.7254,,,0
m4,Pinefort,2022Q4,market_share,19.2255,,,0
m4,Pinefort,2023Q1,revenue,7539125.5940,7117846.9313,8036973.8650,1
m4,Pinefort,2023Q1,actives,16224.7111,15541.5524,17042.7558,1
m4,Pinefort,2023Q1,gross_adds,2647.8273,,,1
m4,Pinefort,2023Q1,churn_rate,0.0700,,,1
m4,Pinefort,2023Q1,arpu,464.6693,,,1
m4,Pinefort,2023Q1,market_share,22.6305,,,1
m4,Pinefort,2023Q2,revenue,8924518.1657,8331485.5213,9565143.6319,1
m4,Pinefort,2023Q2,actives,18038.7186,17135.0720,19116.1664,1
m4,Pinefort,2023Q2,gross_adds,2702.6945,,,1
m4,Pinefort,2023Q2,churn_rate,0.0919,,,1
m4,Pinefort,2023Q2,arpu,494.7424,,,1
m4,Pinefort,2023Q2,market_share,25.1000,,,1
m4,Pinefort,2023Q3,revenue,8699754.4538,8267151.0794,9173273.8545,1
m4,Pinefort,2023Q3,actives,18142.6555,17377.3143,18972.0086,1
m4,Pinefort,2023Q3,gross_adds,2156.2379,,,1
m4,Pinefort,2023Q3,churn_rate,0.0865,,,1
m4,Pinefort,2023Q3,arpu,479.5194,,,1
m4,Pinefort,2023Q3,market_share,23.7413,,,1
m4,Pinefort,2023Q4,revenue,9527664.2202,9061881.3410,10016059.7483,1
m4,Pinefort,2023Q4,actives,19952.7064,19254.4886,20690.1178,1
m4,Pinefort,2023Q4,gross_adds,2442.7954,,,1
m4,Pinefort,2023Q4,churn_rate,0.0737,,,1
m4,Pinefort,2023Q4,arpu,477.5124,,,1
m4,Pinefort,2023Q4,market_share,21.2148,,,1
m4,Pinefort,2024Q1,revenue,10207098.9759,9694116.4282,10828573.8733,1
m4,Pinefort,2024Q1,actives,21157.7732,20456.1837,21877.4178,1
m4,Pinefort,2024Q1,gross_adds,2751.1731,,,1
m4,Pinefort,2024Q1,churn_rate,0.0799,,,1
m4,Pinefort,2024Q1,arpu,482.4278,,,1
m4,Pinefort,2024Q1,market_share,26.2340,,,1
m4,Pinefort,2024Q2,revenue,10833793.2190,10325042.2447,11421576.7992,1
m4,Pinefort,2024Q2,actives,22143.1123,21400.8434,22897.1311,1
m4,Pinefort,2024Q2,gross_adds,2770.0620,,,1
m4,Pinefort,2024Q2,churn_rate,0.0763,,,1
m4,Pinefort,2024Q2,arpu,489.2624,,,1
m4,Pinefort,2024Q2,market_share,27.3797,,,1
m4,Pinefort,2024Q3,revenue,11489966.6008,10873624.3585,12104027.5382,1
m4,Pinefort,2024Q3,actives,23773.7343,22964.3241,24534.6668,1
m4,Pinefort,2024Q3,gross_adds,3210.9267,,,1
m4,Pinefort,2024Q3,churn_rate,0.0656,,,1
m4,Pinefort,2024Q3,arpu,483.3051,,,1
m4,Pinefort,2024Q3,market_share,27.6563,,,1
m4,Pinefort,2024Q4,revenue,11657416.3791,11101240.4110,12142482.0708,1
m4,Pinefort,2024Q4,actives,23297.6753,22456.4904,24017.8458,1
m4,Pinefort,2024Q4,gross_adds,2417.0770,,,1
m4,Pinefort,2024Q4,churn_rate,0.0773,,,1
m4,Pinefort,2024Q4,arpu,500.3682,,,1
m4,Pinefort,2024Q4,market_share,22.6313,,,1
m4,Vantry,2022Q1,revenue,9854746.1244,9183242.7358,10458868.8447,0
m4,Vantry,2022Q1,actives,66190.9904,63767.9720,68809.3639,0
m4,Vantry,2022Q1,gross_adds,0.0000,,,0
m4,Vantry,2022Q1,churn_rate,0.0000,,,0
m4,Vantry,2022Q1,arpu,148.8835,,,0
m4,Vantry,2022Q1,market_share,38.4773,,,0
m4,Vantry,2022Q2,revenue,9010509.8768,8630173.3877,9385465.4451,0
m4,Vantry,2022Q2,actives,68861.3682,67513.3906,70310.7842,0
m4,Vantry,2022Q2,gross_adds,11417.0253,,,0
m4,Vantry,2022Q2,churn_rate,0.0000,,,0
m4,Vantry,2022Q2,arpu,130.8500,,,0
m4,Vantry,2022Q2,market_share,39.2217,,,0
m4,Vantry,2022Q3,revenue,10743217.3253,10346418.8811,11187806.0181,0
m4,Vantry,2022Q3,actives,73819.9229,72562.9868,75253.0854,0
m4,Vantry,2022Q3,gross_adds,5942.4398,,,0
m4,Vantry,2022Q3,churn_rate,0.0000,,,0
m4,Vantry,2022Q3,arpu,145.5328,,,0
m4,Vantry,2022Q3,market_share,38.1890,,,0
m4,Vantry,2022Q4,revenue,16471948.6094,15877702.9657,17018207.3315,0
m4,Vantry,2022Q4,actives,75805.0508,74693.0054,77068.2496,0
m4,Vantry,2022Q4,gross_adds,4196.7317,,,0
m4,Vantry,2022Q4,churn_rate,0.0000,,,0
m4,Vantry,2022Q4,arpu,217.2936,,,0
m4,Vantry,2022Q4,market_share,45.1467,,,0
m4,Vantry,2023Q1,revenue,13178220.4605,12657747.3138,13682008.3473,1
m4,Vantry,2023Q1,actives,74775.2647,73532.4646,75946.1760,1
m4,Vantry,2023Q1,gross_adds,2144.1890,,,1
m4,Vantry,2023Q1,churn_rate,0.0092,,,1
m4,Vantry,2023Q1,arpu,176.2377,,,1
m4,Vantry,2023Q1,market_share,39.5576,,,1
m4,Vantry,2023Q2,revenue,13701947.7123,13030671.3251,14337297.5112,1
m4,Vantry,2023Q2,actives,69581.3600,68410.9649,70733.7252,1
m4,Vantry,2023Q2,gross_adds,11878.5535,,,1
m4,Vantry,2023Q2,churn_rate,0.0185,,,1
m4,Vantry,2023Q2,arpu,196.9198,,,1
m4,Vantry,2023Q2,market_share,38.5364,,,1
m4,Vantry,2023Q3,revenue,14361649.2545,13876072.5658,14938307.4536,1
m4,Vantry,2023Q3,actives,69443.5479,68194.4752,70455.1975,1
m4,Vantry,2023Q3,gross_adds,3212.2104,,,1
m4,Vantry,2023Q3,churn_rate,0.0147,,,1
m4,Vantry,2023Q3,arpu,206.8104,,,1
m4,Vantry,2023Q3,market_share,39.1923,,,1
m4,Vantry,2023Q4,revenue,20000992.3705,19337182.2901,20671089.9862,1
m4,Vantry,2023Q4,actives,72205.6768,71174.6701,73290.3563,1
m4,Vantry,2023Q4,gross_adds,3210.5764,,,1
m4,Vantry,2023Q4,churn_rate,0.0158,,,1
m4,Vantry,2023Q4,arpu,277.0003,,,1
m4,Vantry,2023Q4,market_share,44.5353,,,1
m4,Vantry,2024Q1,revenue,14833845.6950,14334547.8010,15345399.9941,1
m4,Vantry,2024Q1,actives,72768.1244,71736.9664,73854.3030,1
m4,Vantry,2024Q1,gross_adds,1587.0356,,,1
m4,Vantry,2024Q1,churn_rate,0.0165,,,1
m4,Vantry,2024Q1,arpu,203.8509,,,1
m4,Vantry,2024Q1,market_share,38.1256,,,1
m4,Vantry,2024Q2,revenue,14856041.4135,14343353.2735,15289353.8459,1
m4,Vantry,2024Q2,actives,71512.1583,70631.8598,72431.1124,1
m4,Vantry,2024Q2,gross_adds,1452.0329,,,1
m4,Vantry,2024Q2,churn_rate,0.0149,,,1
m4,Vantry,2024Q2,arpu,207.7415,,,1
m4,Vantry,2024Q2,market_share,37.5449,,,1
m4,Vantry,2024Q3,revenue,15323135.8274,14839056.8520,15843347.5365,1
m4,Vantry,2024Q3,actives,71122.8010,70159.9105,72066.3248,1
m4,Vantry,2024Q3,gross_adds,1535.6912,,,1
m4,Vantry,2024Q3,churn_rate,0.0164,,,1
m4,Vantry,2024Q3,arpu,215.4462,,,1
m4,Vantry,2024Q3,market_share,36.8827,,,1
m4,Vantry,2024Q4,revenue,22423159.2737,21766082.1225,23154792.9679,1
m4,Vantry,2024Q4,actives,71823.3790,70819.2468,72906.6423,1
m4,Vantry,2024Q4,gross_adds,2349.9199,,,1
m4,Vantry,2024Q4,churn_rate,0.0202,,,1
m4,Vantry,2024Q4,arpu,312.1986,,,1
m4,Vantry,2024Q4,market_share,43.5315,,,1
m4,Glimmerly,2022Q1,revenue,8516447.9152,7806908.2076,9347324.8889,0
m4,Glimmerly,2022Q1,actives,32487.2509,30763.2752,34277.8973,0
m4,Glimmerly,2022Q1,gross_adds,0.0000,,,0
m4,Glimmerly,2022Q1,churn_rate,0.0000,,,0
m4,Glimmerly,2022Q1,arpu,262.1474,,,0
m4,Glimmerly,2022Q1,market_share,33.2520,,,0
m4,Glimmerly,2022Q2,revenue,6834016.4267,6510742.4139,7171430.0101,0
m4,Glimmerly,2022Q2,actives,35911.8723,34868.4764,36863.8701,0
m4,Glimmerly,2022Q2,gross_adds,5504.9099,,,0
m4,Glimmerly,2022Q2,churn_rate,0.0000,,,0
m4,Glimmerly,2022Q2,arpu,190.2996,,,0
m4,Glimmerly,2022Q2,market_share,29.7477,,,0
m4,Glimmerly,2022Q3,revenue,8818715.8575,8425833.1589,9245517.6689,0
m4,Glimmerly,2022Q3,actives,38779.1928,37947.3975,39710.2508,0
m4,Glimmerly,2022Q3,gross_adds,3059.5980,,,0
m4,Glimmerly,2022Q3,churn_rate,0.0000,,,0
m4,Glimmerly,2022Q3,arpu,227.4084,,,0
m4,Glimmerly,2022Q3,market_share,31.3480,,,0
m4,Glimmerly,2022Q4,revenue,10202352.0603,9716432.7079,10713626.0857,0
m4,Glimmerly,2022Q4,actives,39881.4408,39068.0180,40867.2766,0
m4,Glimmerly,2022Q4,gross_adds,2281.5328,,,0
m4,Glimmerly,2022Q4,churn_rate,0.0000,,,0
m4,Glimmerly,2022Q4,arpu,255.8170,,,0
m4,Glimmerly,2022Q4,market_share,27.9628,,,0
m4,Glimmerly,2023Q1,revenue,9286707.5785,8871367.0941,9710064.3975,1
m4,Glimmerly,2023Q1,actives,37875.9051,37071.1206,38710.2134,1
m4,Glimmerly,2023Q1,gross_adds,909.8930,,,1
m4,Glimmerly,2023Q1,churn_rate,0.0280,,,1
m4,Glimmerly,2023Q1,arpu,245.1877,,,1
m4,Glimmerly,2023Q1,market_share,27.8763,,,1
m4,Glimmerly,2023Q2,revenue,9284136.6385,8764749.8599,9847365.8054,1
m4,Glimmerly,2023Q2,actives,35189.2333,34113.8990,36066.4102,1
m4,Glimmerly,2023Q2,gross_adds,7078.7626,,,1
m4,Glimmerly,2023Q2,churn_rate,0.0165,,,1
m4,Glimmerly,2023Q2,arpu,263.8346,,,1
m4,Glimmerly,2023Q2,market_share,26.1114,,,1
m4,Glimmerly,2023Q3,revenue,9757065.7124,9232562.4865,10269924.2930,1
m4,Glimmerly,2023Q3,actives,35689.5043,34795.6311,36507.3099,1
m4,Glimmerly,2023Q3,gross_adds,2611.3722,,,1
m4,Glimmerly,2023Q3,churn_rate,0.0220,,,1
m4,Glimmerly,2023Q3,arpu,273.3875,,,1
m4,Glimmerly,2023Q3,market_share,26.6266,,,1
m4,Glimmerly,2023Q4,revenue,11258320.2227,10819878.0547,11701368.3879,1
m4,Glimmerly,2023Q4,actives,36484.4286,35748.3472,37248.4657,1
m4,Glimmerly,2023Q4,gross_adds,1509.7480,,,1
m4,Glimmerly,2023Q4,churn_rate,0.0273,,,1
m4,Glimmerly,2023Q4,arpu,308.5788,,,1
m4,Glimmerly,2023Q4,market_share,25.0684,,,1
m4,Glimmerly,2024Q1,revenue,9724528.1007,9361749.1423,10126626.7858,1
m4,Glimmerly,2024Q1,actives,36870.4402,36260.9603,37637.8252,1
m4,Glimmerly,2024Q1,gross_adds,1188.4632,,,1
m4,Glimmerly,2024Q1,churn_rate,0.0087,,,1
m4,Glimmerly,2024Q1,arpu,263.7486,,,1
m4,Glimmerly,2024Q1,market_share,24.9937,,,1
m4,Glimmerly,2024Q2,revenue,9330144.7221,8949984.8735,9702394.6512,1
m4,Glimmerly,2024Q2,actives,36758.5688,36127.6829,37414.7554,1
m4,Glimmerly,2024Q2,gross_adds,953.5485,,,1
m4,Glimmerly,2024Q2,churn_rate,0.0176,,,1
m4,Glimmerly,2024Q2,arpu,253.8223,,,1
m4,Glimmerly,2024Q2,market_share,23.5796,,,1
m4,Glimmerly,2024Q3,revenue,9758609.5818,9304226.4270,10210206.4294,1
m4,Glimmerly,2024Q3,actives,36056.5245,35391.2859,36715.9747,1
m4,Glimmerly,2024Q3,gross_adds,1157.2245,,,1
m4,Glimmerly,2024Q3,churn_rate,0.0232,,,1
m4,Glimmerly,2024Q3,arpu,270.6475,,,1
m4,Glimmerly,2024Q3,market_share,23.4889,,,1
m4,Glimmerly,2024Q4,revenue,12107602.1685,11673875.2015,12572245.1466,1
m4,Glimmerly,2024Q4,actives,35228.9595,34459.3933,35998.0473,1
m4,Glimmerly,2024Q4,gross_adds,1181.3284,,,1
m4,Glimmerly,2024Q4,churn_rate,0.0332,,,1
m4,Glimmerly,2024Q4,arpu,343.6832,,,1
m4,Glimmerly,2024Q4,market_share,23.5053,,,1
